Predicted_G+A_24_25,Actual_G+A_24_25,Player
-0.00054622145,0,Max Aarons
-0.00054622145,0,Max Aarons
-0.00054622145,0,Rodrigo Abajas
-0.00054622145,0,James Abankwah
6.6359816,7,Keyliane Abdallah
7.937679,8,Yunis Abdelhamid
0.910756,1,Himad Abdelli
8.709846,9,Mohamed Abdelmoneim
4.6187334,4,Ali Abdi
0.49365926,1,Saud Abdulhamid
-0.00054622145,0,Abel
2.9126136,3,Nabil Aberdin
-0.00054622145,0,Oliver Abildgaard
-0.00054622145,0,Matthis Abline
5.305353,5,Abner
-0.00054622145,0,Zakaria Aboukhlal
0.6940429,1,Abdel Abqar
10.750494,11,Tammy Abraham
-0.00054622145,0,Tammy Abraham
-0.00054622145,0,Federico Accornero
1.9619952,2,Francesco Acerbi
2.879111,3,Joshua Acheampong
1.9018177,2,Akor Adams
1.9789158,2,Akor Adams
4.152728,4,Che Adams
1.9824952,2,Tyler Adams
-0.00054622145,0,Junior Adamu
9.734453,10,Tosin Adarabioyo
4.113308,4,Martin Adeline
-0.00054622145,0,Karim Adeyemi
-0.00054622145,0,Simon Adingra
11.683881,12,Amine Adli
1.9314992,2,Yacine Adli
3.8622415,4,Adrián
2.8265226,3,Adryelson
2.042867,2,Vasilije Adžić
-0.00054622145,0,Michel Aebischer
-0.00054622145,0,Oladapo Afolayan
2.4832323,2,Emmanuel Agbadou
-0.00054622145,0,Emmanuel Agbadou
8.656486,9,Asher Agbinone
19.740974,20,Jeremy Agbonifo
2.862223,3,Julen Agirrezabala
4.9132123,5,Lucien Agoume
2.343639,2,Felix Agu
-0.00054622145,0,Álvaro Aguado
4.830605,5,Lorenzo Aguado
-0.00054622145,0,Nayef Aguerd
2.2155201,2,Ruben Aguilar
-0.00054622145,0,Naouirou Ahamada
-0.00054622145,0,Honest Ahanor
12.610187,13,Erik Ahlstrand
-0.00054622145,0,Jean-Eudes Aholou
10.136456,10,Joseph Aidoo
4.709195,4,Joseph Aidoo
-0.00054622145,0,Ayman Aiki
2.0381796,2,Ola Aina
-0.00054622145,0,Rayan Aït-Nouri
-0.00054622145,0,Junior Ajayi
-0.00054622145,0,Kristoffer Ajer
-0.00054622145,0,Ludovic Ajorque
8.677796,9,Manuel Akanji
0.9501115,1,Ümit Akdag
-0.00054622145,0,Nathan Aké
5.1796923,5,Ilias Akhomach
-0.00054622145,0,Sergio Akieme
3.1739473,3,Maghnes Akliouche
3.9082124,4,Paul Akouokou
4.096942,4,Clément Akpa
-0.00054622145,0,Jean-Daniel Akpa-Akpro
14.323396,15,David Akpan Ankeye
-0.00054622145,0,Kevin Akpoguma
2.8457942,3,Chuba Akpom
6.78835,7,David Alaba
2.0148594,2,Ibrahim Alani
-0.00054622145,0,Andreas Albers
1.6559446,2,Raúl Albiol
0.71083736,1,Carlos Alcaraz
-0.00054622145,0,Carlos Alcaraz
-0.00054622145,0,Omar Alderete
7.104485,7,Carles Aleñá
-0.00054622145,0,Carles Aleñá
-0.00054622145,0,Ben Alexander Voll
-0.00054622145,0,Trent Alexander-Arnold
0.9890715,1,Alfon
6.9356947,7,Mohamed Ali Cho
4.1568623,4,Faride Alidou
-0.00054622145,0,Alisson
8.1910715,8,Tadeo Allende
0.9312981,1,Jim Allevinah
-0.00054622145,0,Dele Alli
1.2115601,1,Thiago Almada
1.1240811,1,Domingos André Ribeiro Almeida
-0.00054622145,0,Iker Almena
3.1528418,3,Miguel Almirón
-0.00054622145,0,Pontus Almqvist
5.6576138,6,Marcos Alonso
0.91033775,1,Giorgio Altare
0.65316653,1,Adrià Altimira
-0.00054622145,0,Sergi Altimira
3.0271919,3,Olabade Aluko
-0.00054622145,0,Edson Álvarez
2.290446,2,Hugo Álvarez
-0.00054622145,0,Julián Álvarez
2.1278183,2,Yeray Álvarez
0.81686616,1,Skelly Alvero
-0.00054622145,0,Will Alves
-0.00054622145,0,Selim Amallah
1.8368156,2,Harry Amass
2.0571082,2,Amath
16.490807,16,Jordan Amavi
14.301658,15,Aurele Amenda
0.3294236,1,Kelvin Amian
-0.00054622145,0,Michael Amir Murillo
-0.00054622145,0,Nadiem Amiri
-0.00054622145,0,Samuel Amo-Ameyaw
-0.00054622145,0,Samuel Amo-Ameyaw
0.013274054,0,Mathis Amougou
0.92029274,1,Mathis Amougou
8.756282,9,Mohamed Amoura
28.605644,29,Sofyan Amrabat
-0.00054622145,0,Joachim Andersen
-0.00054622145,1,Joachim Andersen
1.2629917,1,Elliot Anderson
-0.00054622145,0,André
21.987804,22,Benjamin André
17.416592,17,Marcos André
10.382756,11,Robert Andrich
9.790823,10,Angeliño
9.3883295,10,Lorenzo Anghelè
-0.00054622145,0,Faustino Anjorin
2.0206494,2,Waldemar Anton
-0.00054622145,0,Leandro Antonetti
-0.00054622145,0,Kyllian Antonio
6.925667,7,Michail Antonio
0.8508048,1,Antoniu
1.9758716,2,Antony
-0.00054622145,0,Antony
6.8119826,7,Anuar
-0.00054622145,0,Dennis Appiah
1.084301,1,Aritz Arambarri
-0.00054622145,0,Mauro Arambarri
-0.00054622145,0,Jon Aramburu
4.19405,4,Julian Araujo
-0.00054622145,0,Ronald Araújo
-0.00054622145,0,Cameron Archer
1.1437583,1,Carlens Arcus
2.742123,3,Alphonse Areola
2.0383148,2,Adu Ares
-0.00054622145,0,Jesús Areso
-0.00054622145,0,David Argüelles
-0.00054622145,0,Joe Aribo
-0.00054622145,0,Adam Armstrong
2.887588,3,Harrison Armstrong
-0.00054622145,0,José Arnaiz
13.529999,14,Hákon Arnar Haraldsson
0.9970208,1,Marko Arnautović
-0.00054622145,0,Maximilian Arnold
3.2027786,3,Jann-Fiete Arp
1.0329208,1,Sergio Arribas
0.9586902,1,Kepa Arrizabalaga
-0.00054622145,0,Arthur
-0.00054622145,0,Takuma Asano
5.040797,5,Raúl Asencio
2.1868227,2,Marco Asensio
17.988937,18,Marco Asensio
6.0344486,6,Kristjan Asllani
-0.00054622145,0,Iago Aspas
2.0504026,2,Yaser Asprilla
4.093173,4,Lorenz Assignon
-0.00054622145,0,Dehmaine Assoumani
1.1139253,1,Valentin Atangana Edoa
3.9895842,4,Arthur Atta
7.915798,8,Noah Atubolu
3.834502,4,Emil Audero
0.72802454,1,Tommaso Augello
-0.00054622145,0,Carlos Augusto
1.9756649,2,Yann Aurel Bisseck
9.644664,10,Brandon Austin
1.9808073,2,Ezequiel Ávila
4.788553,5,Taiwo Awoniyi
0.26507562,1,Yasin Ayari
3.1844928,3,Florian Ayé
-0.00054622145,0,André Ayew
-0.00054622145,0,Jordan Ayew
11.112622,11,Jordan Ayew
0.63577664,1,Neil El Aynaoui
-0.00054622145,0,Ayman Azhil
2.0126612,2,Adam Aznou
6.4113073,6,Adam Aznou
2.1238556,2,César Azpilicueta
5.3308496,5,Paulo Azzi
7.0104237,7,Oussama El Azzouzi
18.297857,19,Papa Ba
-0.00054622145,0,Shavy Babicka
1.6540709,1,Jacopo Bacci
12.701815,13,Aliou Badara Baldé
1.0081968,1,Loïc Bade
1.8739212,2,Milan Badelj
-0.00054622145,0,Benoît Badiashile
4.9320574,5,Alex Baena
-0.00054622145,0,Juma Bah
-0.00054622145,0,Juma Bah
-0.00054622145,0,Leon Bailey
4.336753,4,Eric Bailly
-0.00054622145,0,Theo Bair
2.184975,2,Stefan Bajcetic
-0.00054622145,0,Cédric Bakambu
3.2074285,3,Mitchel Bakker
-0.00054622145,0,Mitchel Bakker
-0.00054622145,0,Darryl Bakola
-0.00054622145,0,Ridle Baku
10.215932,10,Ridle Baku
2.3038244,2,Dilane Bakwa
3.4495127,3,Tommaso Baldanzi
2.5325284,2,Alejandro Balde
9.283341,9,Keita Baldé
-0.00054622145,0,Carlos Baleba
9.067232,9,Leonardo Balerdi
-0.00054622145,0,Iván Balliu
24.44533,25,Fodé Ballo-Touré
1.4226065,1,Botond Balogh
-0.00054622145,0,Folarin Balogun
8.212712,8,Mario Balotelli
16.02022,17,Abdoulaye Bamba
11.0468025,11,Jonathan Bamba
-0.00054622145,0,Mohamed Bamba
-0.00054622145,0,Samuel Bamba
-0.00054622145,0,Lameck Banda
0.730919,1,Daniel Bandeira
1.1077824,1,Mattia Bani
14.951585,15,Noahkai Banks
2.1510198,2,Scott Banks
2.1834345,2,Adrian Baquerin
2.8868687,3,Antonín Barák
-0.00054622145,0,Federico Barba
15.837944,16,Valentín Barco
3.276428,3,Valentín Barco
9.158534,10,Bradley Barcola
2.0276558,2,Melvin Bard
1.0507417,1,Nicolò Barella
0.55902416,1,Gabriel Bares
5.8377943,6,Borna Barišić
1.8207788,2,Téo Barisic
-0.00054622145,0,Kike Barja
-0.00054622145,0,Ross Barkley
3.1969357,3,Aymen Barkok
-0.00054622145,0,Harvey Barnes
-0.00054622145,0,Enzo Barrenechea
0.9178561,1,Ander Barrenetxea
6.735606,7,Pablo Barrios
-0.00054622145,0,Thierno Barry
-0.00054622145,0,Davide Bartesaghi
2.122804,2,Marc Bartra
-0.00054622145,0,Federico Baschirotto
7.055211,7,Daniele Baselli
-0.00054622145,0,Calvin Bassey
-0.00054622145,0,Aboubacar Bassinga
-0.00054622145,0,Alessandro Bastoni
-0.00054622145,0,Augusto Batalla
-0.00054622145,0,Michy Batshuayi
-0.00054622145,0,Dylan Batubinsika
-0.00054622145,0,Maximilian Bauer
2.2830122,2,Oliver Baumann
-0.00054622145,0,Christoph Baumgartner
1.5701671,2,Rafael Bauza
-0.00054622145,0,Altay Bayındır
5.910758,6,Ihlas Bebou
3.8946078,4,Adrian Beck
4.0083222,4,Sheraldo Becker
-0.00054622145,0,Timo Becker
-0.00054622145,0,Jan Bednarek
1.2256489,1,Donny van de Beek
19.981232,20,Hannes Behrens
4.9163284,5,Kevin Behrens
4.4171753,4,Maximilian Beier
-0.00054622145,0,Luken Beitia
0.05068815,0,Ismael Bekhoucha
4.3529315,4,Reda Belahyane
3.0481522,3,Reda Belahyane
1.4584432,1,Haris Belkebla
14.156468,14,Yassin Belkhdim
0.93905985,1,Stefan Bell
1.221015,1,Armel Bella Kotchap
0.6282028,1,Raoul Bellanova
-0.00054622145,0,Raoul Bellanova
-0.00054622145,0,Jean-Ricner Bellegarde
0.10973938,0,Héctor Bellerín
2.0162141,2,Jude Bellingham
-0.00054622145,0,Jeanuël Belocian
-0.00054622145,0,Andrea Belotti
-0.00054622145,0,Fran Beltrán
3.9521801,4,Lucas Beltrán
1.9859232,2,Eliesse Ben Seghir
-0.00054622145,0,Carlos Benavídez
11.592408,12,Adrian Benedyczak
-0.00054622145,0,László Bénes
-0.00054622145,0,Iker Benito
2.9509358,3,Ismaël Bennacer
-0.00054622145,0,Ismaël Bennacer
-0.00054622145,0,Saïd Benrahma
0.036177482,0,Ramy Bensebaini
0.45078403,1,Nabil Bentaleb
-0.00054622145,0,Rodrigo Bentancur
0.9975697,1,Daniel Bentley
-0.00054622145,0,Lucas Beraldo
-0.00054622145,0,Yuri Berchiche
0.42903638,1,Álex Berenguer
0.67627656,1,Sander Berge
-0.00054622145,0,Lucas Bergvall
-0.00054622145,0,Medon Berisha
-0.00054622145,0,Mergim Berisha
-0.00054622145,0,Mergim Berisha
-0.00054622145,0,Adrian Bernabe
20.741213,21,Marc Bernal
0.91676104,1,Bernardo
4.0702085,4,Juan Bernat
-0.00054622145,0,Juan Bernat
5.7799687,6,Maxime Bernauer
5.0340195,5,Antoine Bernede
2.0245192,2,Alexander Bernhardsson
-0.00054622145,0,Victor Bernth Kristiansen
2.9491537,3,Matúš Bero
-0.00054622145,0,Juan Berrocal
0.93354726,1,Dimitry Bertaud
-0.00054622145,1,Jan-Niklas Beste
3.0154457,3,Beto
-0.00054622145,0,Sam Beukema
-0.00054622145,0,Alessandro Bianco
-0.00054622145,0,Alessandro Bianco
1.1515385,1,Mika Biereth
-0.00054622145,0,Jaka Bijol
-0.00054622145,0,El Bilal Touré
3.0644722,3,Philip Billing
-0.00054622145,0,Philip Billing
-0.00054622145,0,Cristiano Biraghi
-0.00054622145,0,Cristiano Biraghi
-0.00054622145,0,Samuele Birindelli
1.9304364,2,Tom Bischof
-0.00054622145,0,Yves Bissouma
2.1238892,2,Leonardo Bittencourt
9.637893,10,Emmanuel Biumla
-0.00054622145,0,Marco Bizot
2.9567637,3,Bjarki Bjarkason
-0.00054622145,0,Antonio Blanco
3.015625,3,Ludovic Blas
1.0840614,1,Daley Blind
1.230886,1,Myron Boadu
1.9564056,2,Augustine Boakye
-0.00054622145,0,Oscar Bobb
0.7927456,1,Mathéo Bodmer
-0.00054622145,0,Sacha Boey
17.318684,18,Jeremie Boga
4.640407,5,Lamare Bogarde
-0.00054622145,0,Emil Bohinen
2.934549,3,Adama Boiro
-0.00054622145,0,Willy Boly
-0.00054622145,0,Moïse Bombito
-0.00054622145,0,Warren Bondo
7.972275,8,Warren Bondo
-0.00054622145,1,Victor Boniface
1.3833807,1,Kevin Bonifazi
8.169394,8,Ange-Yoan Bonny
1.0123572,1,Sebastiaan Bornauw
-0.00054622145,0,Sven Botman
-0.00054622145,0,Saïmon Bouabré
5.2057657,5,Ayyoub Bouaddi
1.0109026,1,Badredine Bouanani
1.0719385,1,Benjamin Bouchouari
-0.00054622145,0,Hicham Boudaoui
-0.00054622145,0,Carlo Boukhalfa
-0.00054622145,0,Justin Bourgault
2.780486,3,Benjamin Bourigeaud
2.9485478,3,Edoardo Bove
13.878665,14,Jarrod Bowen
5.9379296,6,Enzo Boyomo
-0.00054622145,0,Enzo Boyomo
-0.00054622145,0,Domagoj Bradarić
0.20182917,1,Conor Bradley
0.8588483,1,Bilal Brahimi
-0.00054622145,0,Julian Brandt
-0.00054622145,0,Jarrad Branthwaite
-0.00054622145,0,Darko Brašanac
11.972783,12,Lilian Brassier
24.161827,24,Lilian Brassier
-0.00054622145,0,Matthias Braunöder
6.1269655,6,Iker Bravo
4.907692,5,James Bree
4.828493,5,Tim Breithaupt
-0.00054622145,0,Gleison Bremer
10.760161,10,Brenner
0.6304653,1,Ben Brereton
13.751778,14,Marco Brescianini
3.0266225,3,Maximilian Breunig
0.8969798,1,Anthony Briançon
-0.00054622145,0,Nathan Broadhead
-0.00054622145,0,Armando Broja
17.752254,18,David Brooks
11.035176,11,Arvid Brorsson
5.821332,6,Moritz Broschinski
5.7662506,6,Nathaniel Brown
26.492527,27,Jacob Bruun Larsen
6.5773544,7,Jacob Bruun Larsen
4.9046583,5,Tajon Buchanan
15.895698,16,Tajon Buchanan
5.8662157,6,Ante Budimir
3.940394,4,Emi Buendía
-0.00054622145,0,Emi Buendía
0.82342255,1,Manu Bueno
1.0875717,1,Santiago Bueno
6.569779,7,Endika Buján
-0.00054622145,0,Marius Bülter
0.32535392,1,Facundo Buonanotte
2.6599236,2,Alessandro Buongiorno
1.7805009,2,Cameron Burgess
5.0148444,5,Jonathan Burkardt
-0.00054622145,0,Oliver Burke
-0.00054622145,0,Dan Burn
0.39973685,1,Rareș-Cătălin Burnete
0.3275637,1,Wes Burns
1.9297334,2,Marnon Busch
3.1837075,3,Gianluca Busio
2.1275089,2,Aurélio Buta
4.539441,5,Jean Butez
4.958247,5,Nathan Butler-Oyedeji
4.397933,4,Marcin Bułka
1.9817336,2,Pau Cabanes
-0.00054622145,0,Pau Cabanes
-0.00054622145,0,Rémy Cabella
-0.00054622145,0,Leandro Cabrera
3.1030614,3,Liberato Cacace
4.1546965,4,Alessio Cacciamani
3.2619216,3,Anthony Caci
2.2519665,2,Mathieu Cafaro
9.890321,10,Moisés Caicedo
-0.00054622145,0,Tom Cairney
-0.00054622145,0,Jens Cajuste
1.1017607,1,Davide Calabria
1.4494789,1,Davide Calabria
6.788453,7,Riccardo Calafiori
-0.00054622145,0,Luca Caldirola
4.2820635,4,Fernando Calero
2.1064665,2,Duje Ćaleta-Car
-0.00054622145,0,Hakan Çalhanoğlu
2.0555818,2,Dominic Calvert-Lewin
-0.00054622145,0,Drissa Camara
3.770754,4,Issiaga Camara
13.531906,14,Lamine Camara
4.458752,4,Mahdi Camara
-0.00054622145,0,Ousmane Camara
12.067509,12,Francesco Camarda
-0.00054622145,0,Eduardo Camavinga
-0.00054622145,0,Nicolò Cambiaghi
-0.00054622145,0,Andrea Cambiaso
-0.00054622145,0,Axel Camblan
-0.00054622145,0,Sergio Camello
2.8253448,3,José Campaña
-0.00054622145,0,Thomas Campaniello
-0.00054622145,0,Cole Campbell
-0.00054622145,0,Emre Can
4.954466,5,Peio Canales
0.6499382,1,Matteo Cancellieri
22.50549,23,Fali Candé
1.6952307,2,Antonio Candela
9.665555,10,Antonio Candela
3.2052162,3,Sergi Canós
2.8181093,3,Jaydee Canvot
3.960673,4,Pierrick Capelle
2.1045532,2,Gianluca Caprari
2.547576,2,Elia Caprile
-0.00054622145,0,Elia Caprile
8.757464,9,Gabin Capuano
19.564564,20,Francesco Caputo
-0.00054622145,0,Maxence Caqueret
3.3265855,3,Maxence Caqueret
5.0857077,5,Simon Cara
2.0295784,2,Andrea Carboni
2.8373067,3,Franco Carboni
-0.00054622145,0,Valentin Carboni
-0.00054622145,0,Dani Cárdenas
4.2350435,4,Irvin Cardona
2.178651,2,Irvin Cardona
-0.00054622145,0,Marc Cardona
3.6799877,4,Sergi Cardona
0.3114323,1,Johnny Cardoso
3.2886548,3,Tiago Cardoso
2.0666947,2,Patrik Carlgren
13.843026,14,Diego Carlos
-0.00054622145,0,José Carlos González
23.427607,23,Carmona
-0.00054622145,0,Marco Carnesecchi
1.9594281,2,Sergio Carreira
2.01453,2,Dani Carvajal
0.45508692,1,Fabio Carvalho
5.680745,6,William Carvalho
1.0651523,1,Cesare Casadei
-0.00054622145,0,Marc Casado
10.864043,11,Nicolò Casale
-0.00054622145,0,Nicolò Casale
0.24339354,1,Casemiro
12.742598,13,Kaelan Casey
4.113702,4,Matty Cash
1.1408026,1,Eiran Cashin
0.978951,1,Josué Casimir
1.3799682,1,Federico Cassa
2.1136875,2,Cristian Cásseres Jr.
6.003582,6,Timothy Castagne
5.7737527,6,Valentín Castellanos
8.805034,9,Jean-Charles Castelletto
-0.00054622145,0,Santiago Castro
3.8164852,4,Gaetano Castrovilli
-0.00054622145,0,Gaetano Castrovilli
0.52534777,1,Danilo Cataldi
0.87109125,1,Catena
1.5917182,2,Maximiliano Caufriez
0.09408657,0,Enzo Caumont
2.0957835,2,Dani Ceballos
1.1201303,1,Abdoulie Ceesay
2.0257,2,Zeki Çelik
-0.00054622145,0,Fabien Centonze
-0.00054622145,0,Alberto Cerri
0.008382748,0,Franco Cervi
1.503092,2,Julian Chabot
11.515859,12,El Chadaille Bitshiabu
-0.00054622145,0,Fares Chaïbi
1.0201249,1,Trevoh Chalobah
4.0862203,4,Trevoh Chalobah
11.305936,11,Timothy Chandler
0.97712654,1,Conor Chaplin
0.23020604,0,Brendan Chardonnet
-0.00054622145,0,Gabriel Charpentier
2.0358632,2,Raúl Chasco
12.755395,13,Anrie Chase
13.843814,14,Pep Chavarría
10.209451,11,Arthur Chaves
2.9951952,3,Jhoanner Chávez
-0.00054622145,0,Walid Cheddira
-0.00054622145,0,Walid Cheddira
-0.00054622145,0,Chema
2.096935,2,Théo Chennahi
1.1291022,1,Sidiki Cherif
-0.00054622145,0,Rayan Cherki
6.17121,6,Youssef Chermiti
6.0949,6,Lucas Chevalier
9.254649,9,Fabio Chiarodia
-0.00054622145,0,Julián Chicco
6.0924654,6,Leandro Chichizola
-0.00054622145,0,Federico Chiesa
-0.00054622145,0,Ben Chilwell
-0.00054622145,0,Chiquinho
-0.00054622145,0,Chiquinho
3.8827899,4,Pedro Chirivella
4.288493,4,Joris Chotard
-0.00054622145,0,Hamza Choudhury
-0.00054622145,0,Andreas Christensen
-0.00054622145,0,Ryan Christie
-0.00054622145,0,Carney Chukwuemeka
-0.00054622145,0,Samuel Chukwueze
1.8569044,2,Aaron Ciammaglichella
0.91953766,1,Jasper Cillessen
-0.00054622145,0,Giuseppe Ciocci
3.1140351,3,Alessandro Circati
0.5240878,1,Pathé Ciss
-0.00054622145,0,Alphadjo Cissè
3.1257527,3,Djaoui Cissé
-0.00054622145,0,Seydouba Cissé
13.580166,14,Yoann Cissé
0.26559824,1,Patrick Ciurria
-0.00054622145,0,Harry Clarke
6.884377,7,Jack Clarke
1.2069824,2,Alexis Claude-Maurice
0.84034157,1,Jonathan Clauss
2.8502576,3,Silvi Clúa
5.029688,5,Nathaniel Clyne
-0.00054622145,0,Conor Coady
0.8560344,1,Marcus Coco
6.947259,7,Saúl Coco
-0.00054622145,0,Séamus Coleman
-0.00054622145,0,Nathan Collins
-0.00054622145,0,Nnamdi Collins
-0.00054622145,0,Toby Collyer
2.2173579,2,Lorenzo Colombo
-0.00054622145,0,Andrea Colpani
0.9642471,1,Levi Colwill
1.6596146,2,Florinel Coman
-0.00054622145,0,Kingsley Coman
-0.00054622145,0,Eray Cömert
0.19559205,1,Santi Comesaña
5.8473444,6,Pietro Comuzzo
-0.00054622145,0,Francisco Conceição
-0.00054622145,0,Diego Conde
-0.00054622145,0,Tomás Conechny
6.296983,6,Alois Confais
-0.00054622145,0,Sirlord Conteh
-0.00054622145,0,Lewis Cook
-0.00054622145,0,Copete
2.1387856,2,Diego Coppola
-0.00054622145,1,Francis Coquelin
-0.00054622145,0,Iker Córdoba
1.02524,1,Derek Cornelius
-0.00054622145,0,Maxwel Cornet
5.913125,6,Maxwel Cornet
5.60557,6,Pierre Cornud
2.2895298,2,Ángel Correa
-0.00054622145,0,Joaquín Correa
5.274473,5,Thierry Correia
10.904988,11,Alberto costa
-0.00054622145,0,Coba da Costa
4.9445133,5,Danny da Costa
10.823958,11,David Costa
-0.00054622145,0,Logan Costa
-0.00054622145,0,Logan Costa
2.022261,2,Samu Costa
-0.00054622145,0,Grégoire Coudert
1.7417867,2,Vladimír Coufal
9.531993,10,Lassana Coulibaly
12.336423,12,Lasso Coulibaly
0.6451782,1,Mamadou Coulibaly
-0.00054622145,0,Soumaïla Coulibaly
8.035954,8,Tanguy Coulibaly
9.005113,9,Woyo Coulibaly
0.0040489174,0,Woyo Coulibaly
3.78074,4,Marius Courcoul
0.7536689,1,Thibaut Courtois
-0.00054622145,0,Yan Couto
1.0360031,1,Nicolas Cozza
-0.00054622145,0,Aaron Cresswell
3.1041365,3,Charlie Cresswell
-0.00054622145,0,Bryan Cristante
0.045077045,1,Domen Črnigoj
1.3418638,2,Juan Cruz Armada
1.1278927,1,Juan Cruz
-0.00054622145,0,Juan Cuadrado
1.6873678,2,Pau Cubarsí
12.733194,13,Cucho
-0.00054622145,0,Marc Cucurella
9.132067,9,Jorge Cuenca
-0.00054622145,0,Matheus Cunha
2.947729,3,Patrick Cutrone
13.601762,14,Tomáš Čvančara
0.3079989,1,Wylan Cyprien
5.0372257,5,Danilo D'Ambrosio
-0.00054622145,0,Lucas Da Cunha
-0.00054622145,0,Samuel Dahl
3.1562045,3,Finn Dahmen
8.896077,9,Thomas Dähne
2.9482343,3,Mahmoud Dahoud
-0.00054622145,0,Patson Daka
1.0500989,1,Ameen Al-Dakhil
2.9348917,3,Thijs Dallinga
-0.00054622145,0,Diogo Dalot
3.0512002,3,Mikkel Damsgaard
3.247983,3,Maat Daniel Caprini
-0.00054622145,0,Flavius Daniliuc
12.99888,13,Danilo
4.7247577,5,Danilo
1.2783911,1,Arnaut Danjuma
-0.00054622145,0,Arnaut Danjuma
4.096489,4,Jayden Danns
0.5353828,1,Kévin Danois
4.2829857,4,Kevin Danso
12.191865,12,Kevin Danso
-0.00054622145,0,Dante
1.9868009,2,Pape Daouda Diongue
1.9535885,2,Mohamed Daramy
12.2423,12,Bence Dárdai
4.11992,4,Sergi Darder
0.42807525,2,Matteo Darmian
5.905829,6,Lukas Daschner
6.0901976,6,Juan David Cabal
-0.00054622145,0,Jonathan David
0.0056327055,0,Alphonso Davies
0.90016496,1,Ben Davies
-0.00054622145,0,Keinan Davis
3.1589031,3,Leif Davis
13.766376,14,Zuriko Davitashvili
9.795064,10,Paweł Dawidowicz
0.49427634,1,Craig Dawson
12.01761,12,Kevin De Bruyne
16.040668,16,Bobby De Cordova-Reid
4.163907,4,Charles De Ketelaere
3.594096,4,Rodrigo De Paul
-0.00054622145,0,Théo De Percin
0.6786965,1,Mattia De Sciglio
-0.00054622145,0,Lorenzo De Silvestri
-0.00054622145,0,Thibault De Smet
3.0029852,3,Koni De Winter
0.74849635,1,Amar Dedić
5.0297194,5,Alessandro Deiola
0.68454844,1,Romain Del Castillo
2.3052757,2,Enrico Del Prato
-0.00054622145,0,Thomas Delaine
2.8851368,3,Liam Delap
-0.00054622145,0,Fisayo Dele-Bashiru
3.1939914,3,Andy Delort
0.0042155366,0,Olivier Deman
7.702627,8,Ali Dembélé
-0.00054622145,0,Ousmane Dembélé
4.818739,5,Ermedin Demirović
8.969058,9,Sepp van den Berg
3.5804803,4,Rémy Descamps
-0.00054622145,0,Arthur Desmas
3.714779,4,Justin Devenny
7.72305,8,Kiernan Dewsbury-Hall
3.0757565,3,Michele Di Gregorio
-0.00054622145,0,Giovanni Di Lorenzo
3.0511963,3,Boulaye Dia
2.0272472,2,Mouctar Diakhaby
4.0450344,4,Mamadou Diakhon
-0.00054622145,0,Bafodé Diakité
17.453194,17,Oumar Diakité
7.935033,8,Amad Diallo
-0.00054622145,0,Assane Diao
2.9453094,3,Assane Diao
1.8910179,2,Habib Diarra
-0.00054622145,0,Moussa Diarra
-0.00054622145,0,Rúben Dias
1.9364555,2,Krépin Diatta
-0.00054622145,0,Kandet Diawara
8.35958,9,Mahamadou Diawara
-0.00054622145,0,Mahamadou Diawara
0.67478967,1,Brahim Díaz
0.7264172,1,Daniel Díaz
-0.00054622145,0,Luis Díaz
3.2717683,3,Pedro Díaz
-0.00054622145,0,Tyler Dibling
-0.00054622145,0,Diego
3.1805742,3,Justin Diehl
-0.00054622145,0,Bamba Dieng
1.1030275,1,Eric Dier
3.0413702,3,Lucas Digne
0.9299752,1,Kembo Diliwidi
4.1978765,4,Federico Dimarco
3.1220973,3,Stole Dimitrievski
1.7396696,2,Junior Dina Ebimbe
-0.00054622145,0,Eren Dinkçi
-0.00054622145,0,Sinaly Diomande
12.984521,13,Yan Diomandé
-0.00054622145,0,Lois Diony
-0.00054622145,0,Issa Diop
10.865342,11,Sérigné Diop
-0.00054622145,0,Sofiane Diop
-0.00054622145,0,Andy Diouf
-0.00054622145,0,Yehvann Diouf
3.0126097,3,Assane Dioussé
-0.00054622145,0,Axel Disasi
2.1112287,2,Axel Disasi
-0.00054622145,0,Roman Dixon
2.96789,3,Álvaro djaló
4.8532767,5,Djené
1.8333752,2,Nasser Djiga
-0.00054622145,0,Berat Djimsiti
-0.00054622145,0,Marko Dmitrović
25.596159,25,Ritsu Doan
16.526047,16,Dodô
3.8594239,4,Danilho Doekhi
-0.00054622145,0,Matt Doherty
-0.00054622145,0,Jeremy Doku
8.761095,9,Marc Domenech
0.10314286,0,Álex Domínguez
5.5830927,6,Benjamín Domínguez
2.0368385,2,Carlos Dominguez
-0.00054622145,0,Israel Domínguez
-0.00054622145,0,Nicolás Domínguez
1.0820216,1,Sergi Dominguez
11.520741,11,Gianluigi Donnarumma
19.39132,20,Patrick Dorgu
6.612376,7,Patrick Dorgu
1.128578,1,Alfie Dorrington
2.0445979,2,Niklas Dorsch
1.4855709,2,Niklas Dorsch
3.931209,4,Alberto Dossena
4.2800016,4,Abdoulaye Doucouré
2.0635788,2,Cheick Doucouré
-0.00054622145,0,Sékou Doucoure
3.0570495,3,Désiré Doué
1.1450462,1,Guela Doué
-0.00054622145,0,Douglas
5.80718,6,Ismaël Doukouré
8.873679,9,Issa Doumbia
7.031552,7,Kamory Doumbia
-0.00054622145,0,Amidou Doumbouya
1.3143764,1,Anastasios Douvikas
-0.00054622145,0,Anastasios Douvikas
0.35564876,1,Artem Dovbyk
2.0247047,2,Flynn Downes
4.0954447,4,Tommy Doyle
5.0864763,5,Radu Drăgușin
-0.00054622145,0,Patrick Drewes
-0.00054622145,0,Tim Drexler
4.7125063,5,Domingos Duarte
-0.00054622145,0,Martin Dúbravka
-0.00054622145,0,Marvin Ducksch
1.0971671,2,Ondrej Duda
-0.00054622145,0,Duk
-0.00054622145,0,Denzel Dumfries
10.783526,11,Alfred Duncan
0.7183848,1,Lewis Dunk
-0.00054622145,0,Jáder Durán
9.624949,10,Pablo Durán
3.1655567,3,Julien Duranville
4.802041,5,Hugo Duro
6.785773,7,Jean-Kevin Duverne
-0.00054622145,0,Paulo Dybala
1.0494671,1,Stefan Džodić
0.6766649,1,Adam Dźwigała
10.944726,11,Aron Dønnum
0.9196764,1,Enzo Ebosse
-0.00054622145,0,Tyronne Ebuehi
15.964326,16,Claudio Echeverri
0.5780499,1,Ederson
-0.00054622145,0,Éderson
-0.00054622145,0,Noah Edjouma
-0.00054622145,0,George Edmundson
1.1031075,1,Odsonne Édouard
-0.00054622145,0,Odsonne Édouard
-0.00054622145,0,Samuel Edozie
-0.00054622145,0,Ronnie Edwards
-0.00054622145,0,Johannes Eggestein
1.0039877,1,Maximilian Eggestein
4.9659634,5,Kingsley Ehizibue
3.7687452,4,Chidera Ejuke
-0.00054622145,0,Jeff Ekhator
2.7783997,3,Hugo Ekitike
-0.00054622145,0,Jurgen Ekkelenkamp
-0.00054622145,0,Jacques Ekomie
1.9294705,2,Emmanuel Ekong
-0.00054622145,0,Caleb Ekuban
5.3037024,5,Pierre Ekwah Elimby
-0.00054622145,0,Anthony Elanga
-0.00054622145,0,Meschak Elia
1.088113,1,Mikael Ellertsson
2.608852,2,Harvey Elliott
5.4887176,6,Elif Elmas
11.146358,11,Elif Elmas
21.373837,22,Aritz Elustondo
1.0604464,1,Nico Elvedi
0.748562,1,Adri Embarba
-0.00054622145,0,Breel Embolo
4.1981626,4,Emanuel Emegha
-0.00054622145,0,Emerson
3.2905972,3,Yunus Emre Konak
2.0913498,2,Julio Enciso
-0.00054622145,0,Julio Enciso
0.1866689,1,Wataru Endo
-0.00054622145,0,Endrick
-0.00054622145,0,Yannik Engelhardt
2.735708,3,Arne Engels
2.1818843,2,Christian Eriksen
6.040896,6,Martin Erlic
0.15443976,0,Patrick Erras
10.896263,11,Alfonso Espino
-0.00054622145,0,Sebastiano Esposito
-0.00054622145,0,Romain Esse
-0.00054622145,0,Samuel Essende
6.1008415,6,Dario Essugo
0.5573952,1,Estanis
2.9291608,3,Nahuel Estévez
-0.00054622145,0,Pervis Estupiñán
0.28432804,1,Etienne Eto'o
-0.00054622145,0,Karl Etta
-0.00054622145,0,Evanilson
-0.00054622145,0,Jake Evans
3.9639513,4,Jonny Evans
13.006211,13,Edu Expósito
6.9584064,7,Eberechi Eze
-0.00054622145,0,Abde Ezzalzouli
-0.00054622145,0,Giovanni Fabbian
3.2518046,3,Łukasz Fabiański
1.9653687,2,Alieu Fadera
3.028637,3,Wout Faes
4.221677,4,Nicolò Fagioli
11.942384,12,Nicolò Fagioli
-0.00054622145,0,Romain Faivre
1.095948,1,Wladimiro Falcone
0.5905145,1,Davide Faraoni
9.554135,10,Abdul Fatawu Issahaku
5.833988,6,Ansu Fati
-0.00054622145,0,Khalil Fayad
2.3289268,2,Jacopo Fazzini
-0.00054622145,0,Nabil Fekir
-0.00054622145,0,Mattia Felici
5.9488983,6,Luiz Felipe
-0.00054622145,0,João Félix
-0.00054622145,0,João Félix
-0.00054622145,0,Frank Feller
2.9244254,3,Kiko Femenía
2.1554625,2,Evan Ferguson
15.021417,15,Evan Ferguson
20.13273,21,Lewis Ferguson
-0.00054622145,0,Zinedine Ferhat
-0.00054622145,0,Bruno Fernandes
3.8428252,4,Edimilson Fernandes
5.145462,5,Mateus Fernandes
17.053751,17,Aitor Fernández
7.819618,8,Álvaro Fernández
1.1872544,1,Enzo Fernández
3.7005289,4,Pelayo Fernandez
5.174028,5,Roberto Férnandez
-0.00054622145,0,Valery Fernández
3.1082423,3,Matias Fernandez-Pardo
-0.00054622145,0,André Ferreira
7.021908,7,Jordan Ferri
0.82126105,1,Daniel Fila
2.3623521,2,Karol Fila
4.9186773,5,Kilian Fischer
6.0224247,6,Mark Flekken
-0.00054622145,0,Alessandro Florenzi
1.6975582,2,Mateo Flores
-0.00054622145,0,Phil Foden
-0.00054622145,0,Malick Fofana
0.7120041,1,Rayan Fofana
6.16136,6,Seko Fofana
2.016241,2,Wesley Fofana
-0.00054622145,0,Yahia Fofana
-0.00054622145,0,Youssouf Fofana
-0.00054622145,0,Jonas Föhrenbach
5.749798,6,Michael Folorunsho
3.1416404,3,Michael Folorunsho
11.045325,11,Lamine Fomba
5.28356,5,Carlos Forbs
3.9778912,4,Pablo Fornals
0.8285318,1,Omari Forson
1.9472733,2,Fraser Forster
7.7919397,8,Héctor Fort
-0.00054622145,0,Dimitri Foulquier
3.22689,3,Juan Foyth
-0.00054622145,0,Fran
0.85071933,1,Matheus França
4.1281376,4,Alejandro Francés
0.68541944,1,Przemysław Frankowski
-0.00054622145,0,Enric Franquesa
5.5887966,6,Ryan Fraser
13.574736,13,Davide Frattesi
8.8480215,9,Tyler Fredricson
-0.00054622145,0,Morten Frendrup
8.796338,9,Martin Frese
-0.00054622145,0,Remo Freuler
-0.00054622145,0,Marco Friedl
2.1243107,2,Marvin Friedrich
-0.00054622145,0,Jeremie Frimpong
-0.00054622145,0,Jorge de Frutos
2.7155936,3,Darío Fuentes
-0.00054622145,0,Chris Führich
0.59062386,1,Shiō Fukuda
-0.00054622145,1,Angelo Fulgini
1.7471676,2,Niclas Füllkrug
2.0278761,2,Kyogo Furuhashi
6.060177,6,Manuel Fuster
-0.00054622145,0,Matteo Gabbia
4.074579,4,Tommaso Gabellini
8.793555,9,Tiago Gabriel
1.0986547,1,Alessandro Gabrielloni
10.786592,11,Gianluca Gaetano
0.72566736,1,Roberto Gagliardini
11.735086,12,Cody Gakpo
-0.00054622145,0,Javi Galán
-0.00054622145,0,Iñigo Ruiz de Galarreta
0.0014617015,0,Conor Gallagher
1.1657333,1,Antonino Gallo
-0.00054622145,0,Gauthier Gallon
-0.00054622145,0,Cristian Gamboa
6.289839,6,Idrissa Gana Gueye
0.3642984,1,Ignatius Ganago
4.093978,4,Silvère Ganvoula M'Boussy
-0.00054622145,0,Facundo Garcés
-0.00054622145,0,Aleix García
-0.00054622145,0,Álvaro García
-0.00054622145,0,Andrés García
-0.00054622145,0,Eric García
34.366276,35,Fran Garcia
0.8120756,1,Gonzalo García
-0.00054622145,0,Joan García
6.7941427,7,Pablo Garcia
2.0193639,2,Rubén García
12.646222,13,Ulisses Garcia
3.0256772,3,Unai García
4.812026,5,Alejandro Garnacho
-0.00054622145,0,James Garner
-0.00054622145,0,Yarek Gasiorowski
1.5270791,1,Federico Gatti
4.8799806,5,Gavi
-0.00054622145,0,Paulo Gazzaniga
5.6025386,6,Jean-Philippe Gbamin
-0.00054622145,0,Mory Gbane
-0.00054622145,0,Yann Gboho
5.275422,5,David de Gea
7.381756,7,Viggo Gebel
1.1494515,1,Lutsharel Geertruida
-0.00054622145,0,Dennis Geiger
-0.00054622145,0,Valentin Gendrey
1.1216811,1,Valentin Gendrey
12.806365,13,Denis Genreau
23.89457,23,Tyrique George
-0.00054622145,0,Yannick Gerhardt
4.501152,4,Max Geschwill
0.552189,1,Daniele Ghilardi
-0.00054622145,0,Lautaro Gianetti
0.07547992,0,Dimitris Giannoulis
6.4779253,7,Morgan Gibbs-White
1.8739994,2,Samuel Gigot
7.746799,8,Armin Gigovic
-0.00054622145,0,Bryan Gil
2.1144621,2,Mario Gila
-0.00054622145,0,Billy Gilmour
14.661071,15,Billy Gilmour
-0.00054622145,0,Benedikt Gimber
3.065642,3,Santiago Giménez
-0.00054622145,0,Gvidas Gineitis
2.1171181,2,Matthias Ginter
1.9979551,2,Jamie Gittens
0.9882107,1,Serge Gnabry
3.970146,4,Ben Godfrey
2.1702235,2,Ben Godfrey
3.0318983,3,Martial Godo
4.1494184,4,Saba Goglichidze
3.052889,3,Edoardo Goldaniga
-0.00054622145,0,Michael Golding
2.6615114,3,Pierluigi Gollini
-0.00054622145,0,Aleksandr Golovin
0.6805247,1,André Gomes
0.7079647,1,Angel Gomes
-0.00054622145,0,João Gomes
-0.00054622145,0,Rodrigo Gomes
1.0121751,1,Toti Gomes
-0.00054622145,0,Carlos Gómez
-0.00054622145,0,Dani Gómez
-0.00054622145,0,Diego Gómez
-0.00054622145,0,Joe Gomez
1.3399825,1,Moi Gómez
-0.00054622145,0,Sergi Gómez
2.8626444,3,Sergio Gómez
-0.00054622145,0,Unai Gómez
1.134154,1,Tidiam Gomis
1.1419467,1,Fabio González
2.1928337,2,Nicolás González
1.152592,1,Nicolás González
8.71515,9,Peter González
0.47959977,1,Urko González
-0.00054622145,0,Urko González
-0.00054622145,0,Anthony Gordon
9.735237,10,Leon Goretzka
8.042084,8,Mathieu Gorgelin
6.4981213,6,Andoni Gorosabel
-0.00054622145,0,Robin Gosens
16.52702,17,Robin Gosens
-0.00054622145,0,Mario Götze
1.2189157,1,Amine Gouiri
-0.00054622145,0,Amine Gouiri
14.624829,14,Lucas Gourna-Douath
0.91122425,1,Jeffrey Gouweleeuw
2.123219,2,Kamil Grabara
1.747641,2,Jonathan Gradit
3.0029716,3,José Gragera
-0.00054622145,0,Samuel Grandsir
-0.00054622145,0,Alberto Grassi
-0.00054622145,0,Ryan Gravenberch
-0.00054622145,0,Archie Gray
8.751869,9,Jack Grealish
-0.00054622145,0,Jacob Greaves
0.9566386,1,Mason Greenwood
1.1365031,1,Michael Gregoritsch
-0.00054622145,0,Dominik Greif
-0.00054622145,0,Antoine Griezmann
-0.00054622145,0,Vincenzo Grifo
-0.00054622145,0,Florian Grillitsch
-0.00054622145,0,Florian Grillitsch
-0.00054622145,0,Álex Grimaldo
-0.00054622145,0,Pascal Groß
2.095918,2,Brajan Gruda
3.0543437,3,Marco Grüll
-0.00054622145,0,Albert Grønbaek
-0.00054622145,0,Albert Grønbaek
14.119303,14,Vicente Guaita
-0.00054622145,0,Sergi Guardiola
4.3626947,4,Nemanja Gudelj
3.9902356,4,Gabriel Gudmundsson
3.8379815,4,Gonçalo Guedes
1.9760345,2,Axel Gueguin
1.668384,1,Marc Guéhi
6.775547,7,Mattéo Guendouzi
0.6998718,1,Javier Guerra
1.105309,1,Raphaël Guerreiro
6.2280335,6,Evann Guessand
4.9805603,5,Ander Guevara
4.8894887,5,Pape Gueye
0.71436566,1,Morgan Guilavogui
19.470617,20,Frederic Guilbert
5.321319,5,Luis Guilherme
3.885927,4,Hugo Guillamón
1.2492952,1,Bruno Guimarães
-0.00054622145,0,Carlos Guirao
4.832042,5,Bahereba Guirassy
-0.00054622145,0,Serhou Guirassy
-0.00054622145,0,Marc Guiu
2.0828962,2,Péter Gulácsi
6.6215563,7,Arda Güler
-0.00054622145,0,Gerard Gumbau
-0.00054622145,0,Robert Gumny
0.0056975344,0,İlkay Gündoğan
0.75607157,1,Christian Günter
2.0345762,2,Jon Guridi
0.65387607,1,Gorka Guruzeta
2.3092427,2,Malo Gusto
0.8505329,1,Miguel Gutiérrez
-0.00054622145,0,Albert Guðmundsson
-0.00054622145,0,Joško Gvardiol
14.036493,14,Emmanuel Gyasi
-0.00054622145,0,Christian Gytkjær
0.7452305,1,Erling Haaland
0.8803669,1,Nicolas Haas
1.0292091,1,Janik Haberer
3.722258,4,Robin Hack
15.174243,16,Saad El Haddad
3.1645687,3,Munir El Haddadi
-0.00054622145,0,Amadou Haidara
-0.00054622145,0,Massadio Haïdara
-0.00054622145,0,Antoine Hainaut
1.9509456,2,Mohamed Haj
3.4621444,3,Achraf Hakimi
10.291013,11,Lewis Hall
4.190856,4,Sébastien Haller
13.20781,13,Ali Al Hamadi
1.63006,2,Andreas Hanche-Olsen
-0.00054622145,0,Florent Hanin
2.1829805,2,Ridgeciano Haps
-0.00054622145,0,Amine Harit
7.3065486,7,Marcus Harness
0.98676693,1,Phil Harres
-0.00054622145,0,Jack Harrison
2.3957875,2,Abdou Harroui
-0.00054622145,0,Taylor Harwood-Bellis
-0.00054622145,0,Hans Hateboer
0.37993842,1,Kjetil Haug
20.358635,21,Kai Havertz
-0.00054622145,0,Ayden Heaven
-0.00054622145,0,Jan Paul van Hecke
-0.00054622145,0,Hwang Hee-chan
3.1437986,3,Dean Henderson
2.9235094,3,Liam Henderson
-0.00054622145,0,Ramon Hendriks
-0.00054622145,0,Paul Hennrich
-0.00054622145,0,Benjamin Henrichs
15.565269,16,Henrique
5.025855,5,Luis Henrique
1.7243477,2,Rico Henry
6.0929317,6,Mads Hermansen
-0.00054622145,0,Mario Hermoso
-0.00054622145,0,Mario Hermoso
3.948384,4,Javi Hernández
0.5575791,1,Aridane Hernández
-0.00054622145,0,Lucas Hernández
-0.00054622145,0,Theo Hernández
-0.00054622145,0,Hernani
-0.00054622145,0,Jorge Herrando
-0.00054622145,0,Ander Herrera
-0.00054622145,0,Sergio Herrera
4.815696,5,Yangel Herrera
-0.00054622145,0,Juan Herzog
-0.00054622145,0,Son Heung-min
-0.00054622145,0,Isak Hien
-0.00054622145,0,Omar El Hilali
2.1163664,2,James Hill
-0.00054622145,0,Piero Hincapié
-0.00054622145,0,Roger Hinojo
15.941697,16,Jack Hinshelwood
8.412635,9,George Hirst
-0.00054622145,0,Adam Hložek
2.092242,2,Ki-Jana Hoever
0.8548405,1,Nicolas Höfler
5.1353035,5,Jonas Hofmann
-0.00054622145,0,Philipp Hofmann
1.6481699,2,Lucas Höler
6.8108206,7,Mason Holgate
14.435412,15,Benedict Hollerbach
4.7753057,5,Emil Holm
3.074351,3,Lewis Holtby
9.745955,10,Gerrit Holtmann
1.1265448,1,Franck Honorat
8.204072,9,Mathias Honsak
-0.00054622145,0,Dinko Horkaš
2.0141587,2,Timo Horn
2.520964,3,Cédric Hountondji
1.3163426,1,Ilyes Housni
-0.00054622145,0,Harry Howell
2.0355017,2,Lukáš Hrádecký
-0.00054622145,0,Robin Hranáč
3.1286483,3,Callum Hudson-Odoi
0.980187,1,Will Hughes
-0.00054622145,0,Dean Huijsen
-0.00054622145,0,Mats Hummels
1.145424,1,Omari Hutchinson
1.055232,1,Elseid Hysaj
0.26197454,1,Hong Hyunseok
1.0879285,1,Pierre Højbjerg
-0.00054622145,0,Oscar Højlund
4.1460395,4,Rasmus Højlund
-0.00054622145,0,Pablo Ibáñez
-0.00054622145,0,Hafiz Ibrahim
6.604164,7,Arijon Ibrahimović
-0.00054622145,0,Arijon Ibrahimović
7.059367,7,Stanis Idumbo
3.9942486,4,Jay Idzes
3.2932262,3,Iglesias
-0.00054622145,0,Borja Iglesias
-0.00054622145,0,Igor
-0.00054622145,0,Kelechi Iheanacho
2.1616268,2,Jonathan Ikone
6.4513383,6,Jonathan Ikone
-0.00054622145,0,George Ilenikhena
6.9120173,7,Andrej Ilic
5.73825,6,Ivan Ilić
3.1397266,3,Rareş Ilie
3.27265,3,Samuel Iling-Junior
2.8341043,3,Danny Ings
2.9919155,3,Alessio Iovine
7.024105,7,Tim Iroegbunam
-0.00054622145,0,Jackson Irvine
5.2335663,5,Andy Irving
2.0283935,2,Alexander Isak
1.9345094,2,Gustav Isaksen
2.25047,2,Isco
4.099841,4,Ismaily
1.8423278,2,Ardian Ismajli
4.1655226,4,Yanis Issoufou
-0.00054622145,0,Ko Itakura
0.9177988,1,Hiroki Ito
0.538029,0,Junya Ito
-0.00054622145,0,Diego Iturralde
6.2475014,6,Marko Ivezić
-0.00054622145,0,Alex Iwobi
0.35241216,1,Armando Izzo
3.0389433,3,Fellipe Jack
1.0732012,1,Nicolas Jackson
-0.00054622145,0,Jérémy Jacquet
-0.00054622145,0,Lee Jae-sung
-0.00054622145,0,Ivan Jaime Pajuelo
11.9989195,12,Kristijan Jakić
1.0702622,1,Karl Jakob Hein
20.078266,20,Ismail Jakobs
10.980875,11,Jordan James
21.185507,21,Reece James
-0.00054622145,0,Vitaly Janelt
2.101552,2,Adnan Januzaj
3.0304735,3,Luca Jaquez
-0.00054622145,0,Vitezslav Jaros
-0.00054622145,0,Ali Jasim
4.3632393,5,Mikel Jauregizar
1.8722252,2,Dominik Javorček
1.1961675,1,Gaby Jean
0.21722378,1,Daniel Jebbison
-0.00054622145,0,Finn Jeltsch
2.4941149,2,Malcolm Jeng
-0.00054622145,1,Fredrik Jensen
1.2055044,1,Mathias Jensen
2.034103,2,Moritz Jenz
2.8725057,3,Gabriel Jesus
-0.00054622145,0,Juan Jesus
-0.00054622145,0,Alejandro Jiménez
0.7705759,1,Raúl Jiménez
0.6553938,1,Kim Jisoo
8.989568,9,João Pedro
-0.00054622145,0,John Joe
0.88356894,1,John Joe
-0.00054622145,0,Joelinton
-0.00054622145,0,Jofre
0.93892103,1,Þórir Jóhann Helgason
2.3864558,2,Carl Johansson
-0.00054622145,0,Ben Johnson
10.194769,10,Brennan Johnson
8.802472,9,Karl-Johan Johnsson
-0.00054622145,0,Sam Johnstone
4.2057843,4,Paul Joly
1.0196505,1,Curtis Jones
2.062935,2,Frenkie de Jong
7.845491,8,Joan Jordán
-0.00054622145,0,Jorginho
2.8420053,3,Jesse Joronen
-0.00054622145,0,Jota
-0.00054622145,0,Diogo Jota
4.250291,4,Antoine Joujou
1.7321757,1,Luka Jović
0.7051232,1,Juanmi
0.32506254,1,Juanmi
-0.00054622145,0,Juanpe
1.0311086,1,Jubal
4.157786,4,Anthony Jung
4.1412125,4,Luiz Lúcio Reis Júnior
4.140566,4,Hamed Junior Traorè
10.439127,11,Vinicius Júnior
-0.00054622145,0,Josip Juranović
15.622188,16,David Jurásek
-0.00054622145,0,Stanko Jurić
-0.00054622145,0,James Justin
5.5270457,5,Filip Jørgensen
1.909785,2,Mohamed Kaba
-0.00054622145,0,Yusuf Kabadayı
8.756703,9,Almugera Kabar
-0.00054622145,0,Christian Kabasele
1.9514534,2,Issa Kaboré
-0.00054622145,0,Yaya Kader Fofana
0.988207,1,Pavel Kadeřábek
-0.00054622145,0,Tino Kadewere
0.54408264,1,Ferdi Kadioglu
6.338544,6,Arnaud Kalimuendo
-0.00054622145,0,Pierre Kalulu
-0.00054622145,0,Justin-Noël Kalumba
7.6534414,8,Daichi Kamada
0.053607326,0,Waren Kamanzi
3.409582,3,Boubacar Kamara
-0.00054622145,0,Glen Kamara
6.4629107,6,Hassane Kamara
16.522572,17,Noham Kamara
-0.00054622145,0,Willy Kambwala
5.140802,5,Jakub Kamiński
-0.00054622145,0,Kevin Kampl
14.765185,15,Nordine Kandil
4.15823,4,Harry Kane
-0.00054622145,0,Lee Kang-in
5.1426153,5,Yann Karamoh
1.5218165,2,Atakan Karazor
-0.00054622145,0,Jesper Karlsson
0.5153812,1,Jesper Karlsson
4.6830463,5,Jesper Karlström
-0.00054622145,0,Lior Kasa
1.0594702,1,Grigoris Kastanos
2.0187519,2,Mikkel Kaufmann
20.693184,21,Joachim Kayi Sanda
-0.00054622145,0,Michael Kayode
4.481683,4,Michael Kayode
-0.00054622145,0,Moise Kean
1.0527644,1,Michael Keane
2.1425078,2,Yassine Kechta
3.0669534,3,Thilo Kehrer
-0.00054622145,0,Abdoulaye Keita
-0.00054622145,0,Mandela Keita
7.480652,7,Yannik Keitel
4.894992,5,Andu Kelati
3.6474345,4,Caoimhín Kelleher
1.3184266,1,Thomas Keller
2.0295439,2,Lloyd Kelly
1.1584288,1,Lloyd Kelly
17.272423,18,Aljoscha Kemlein
4.891547,5,Marc-Oliver Kempf
-0.00054622145,0,Kenedy
-0.00054622145,0,Luca Kerber
7.2371445,7,Milos Kerkez
0.987606,1,Reda Khadra
-0.00054622145,0,Bilal El Khannouss
-0.00054622145,0,Wahbi Khazri
-0.00054622145,0,Rani Khedira
17.800373,18,Abdukodir Khusanov
-0.00054622145,0,Abdukodir Khusanov
1.1840391,1,Kialonda
-0.00054622145,0,Kiké
12.034751,12,Max Kilman
-0.00054622145,0,Joshua Kimmich
-0.00054622145,0,Presnel Kimpembe
1.905174,2,Joshua King
-0.00054622145,0,Joshua King
4.836957,5,Tom King
-0.00054622145,0,Antonín Kinský
13.71429,14,Cédric Kipré
13.067778,13,Jakub Kiwior
-0.00054622145,0,Tim Kleindienst
1.0089471,1,Lukas Klostermann
-0.00054622145,0,Justin Kluivert
-0.00054622145,0,Ansgar Knauff
-0.00054622145,0,Magnus Knudsen
0.8268117,1,Gregor Kobel
-0.00054622145,0,Robin Koch
2.024563,2,Hervé Koffi
1.0248778,1,Magnus Kofod Andersen
-0.00054622145,0,Derrick Köhn
2.0965588,2,Philipp Köhn
4.139293,4,Dominik Kohr
3.1747394,3,Koka
1.9239017,2,Koke
12.793771,13,Sead Kolašinac
4.4165654,4,Randal Kolo Muani
-0.00054622145,0,Randal Kolo Muani
0.90707695,1,Marco Komenda
-0.00054622145,0,Mert Kömür
10.649224,11,Ibrahima Konaté
-0.00054622145,0,Ismael Konate
5.323056,5,Geoffrey Kondogbia
1.7518348,2,Abdoul Koné
-0.00054622145,0,Amadou Koné
3.9732943,4,Ismaël Koné
-0.00054622145,0,Ismaël Koné
0.85863626,1,Manu Koné
-0.00054622145,0,Ezri Konsa
-0.00054622145,0,Teun Koopmeiners
11.129684,11,Kacper Koscierski
1.0829902,1,Odilon Kossounou
1.1134036,1,Christian Kouamé
-0.00054622145,0,Christian Kouamé
1.0860343,1,Henri Koudossou
12.896182,13,Konstantinos Koulierakis
6.236105,6,Emmanuel Koum Mbondo
-0.00054622145,0,Jules Koundé
0.6290225,1,Boubakar Kouyaté
-0.00054622145,0,Mateo Kovačić
1.0225163,1,Viktor Kovalenko
-0.00054622145,0,Matej Kovar
-0.00054622145,0,Mateusz Kowalski
14.985048,15,Goduine Koyalipou
8.75953,9,Caleb Kporha
3.1020699,3,Emil Krafth
0.26372564,1,Alex Král
1.096587,1,Andrej Kramarić
2.7798464,3,Frans Krätzig
1.0845358,1,Frans Krätzig
1.0049174,1,Tom Krauß
3.540023,3,Ladislav Krejčí
4.956673,5,Rasmus Kristensen
0.33123606,1,Thomas Kristensen
12.675601,13,Nikola Krstović
0.6048665,1,Lukas Kübler
1.9859182,2,Takefusa Kubo
-0.00054622145,0,Mohammed Kudus
2.2512825,2,Dejan Kulusevski
-0.00054622145,0,Sael Kumbedi
8.738553,9,Marash Kumbulla
0.70784855,1,Jonah Kusi-Asare
-0.00054622145,0,Daler Kuzyaev
3.0103476,3,Khvicha Kvaratskhelia
-0.00054622145,0,Khvicha Kvaratskhelia
-0.00054622145,0,Moritz-Broni Kwarteng
2.9294941,3,Giorgos Kyriakopoulos
0.039224144,0,Luca de la Torre
1.1203196,1,Rémy Labeau Lascary
4.0512466,4,Gaëtan Laborde
2.1931403,2,Nediljko Labrović
-0.00054622145,0,Alexandre Lacazette
3.1365612,3,Younes Lachaab
3.8852165,4,Maxence Lacroix
1.6289582,2,Alban Lafont
-0.00054622145,0,Yoel Lago
-0.00054622145,0,Konrad Laimer
1.2223597,1,Stefan Lainer
-0.00054622145,0,Kenny Lala
0.52190185,1,Adam Lallana
4.0161476,4,Mathis Lambourde
-0.00054622145,0,Mohamed Lamine Bayo
-0.00054622145,0,Tariq Lamptey
-0.00054622145,0,Will Lankshear
1.7698638,2,Gianluca Lapadula
34.438015,34,Cyle Larin
-0.00054622145,0,Gautier Larsonneur
-0.00054622145,0,Hugo Larsson
0.36423272,0,Juanmi Latasa
-0.00054622145,0,Toni Lato
2.0410125,2,Roméo Lavia
-0.00054622145,0,Valentino Lazaro
1.0580317,1,Darko Lazović
8.785472,9,Manuel Lazzari
-0.00054622145,0,Julien Le Cardinal
22.213467,22,Jérémy Le Douaron
-0.00054622145,0,Enzo Le Fée
0.8633722,1,Robin Le Normand
0.5461262,1,Nicola Leali
-0.00054622145,0,Rafael Leão
3.9940808,4,Benjamin Lecomte
12.855782,13,Pierre Lees-Melou
1.1751872,1,Jordan Lefort
0.8264047,1,Diogo Leite
15.437776,15,Maxim Leitsch
0.6474924,1,Florian Lejeune
3.1560032,3,Stefan Lekovic
-0.00054622145,0,Iñigo Lekue
5.8164754,6,Nunzio Lella
-0.00054622145,0,Thomas Lemar
4.0726776,4,Félix Lemaréchal
14.730929,15,Mario Lemina
12.767121,13,Clément Lenglet
11.598782,12,Bernd Leno
3.5899792,3,Donovan Léon
-0.00054622145,0,Giovanni Leoni
-0.00054622145,0,Esteban Lepaul
-0.00054622145,0,Johann Lepenant
0.8703501,1,Jefferson Lerma
2.8808773,3,Louis Leroux
4.9730034,5,Robert Lewandowski
0.019106472,0,Jamie Leweling
2.9755027,3,Rico Lewis
2.034826,2,Keane Lewis-Potter
2.1631317,2,Myles Lewis-Skelly
2.969642,3,Ben Lhassine Kone
4.088418,4,Mattia Liberali
16.185745,16,Philipp Lienhart
1.9738936,2,Matthijs de Ligt
3.148986,3,Pedro Lima
4.415571,4,Victor Lindelöf
-0.00054622145,0,Jesper Lindstrøm
2.032955,2,Karol Linetty
4.2212367,4,Samuel Lino
0.8152653,1,Pol Lirola
1.0928433,1,Dailon Livramento
-0.00054622145,0,Valentino Livramento
13.557515,14,Marin Ljubicic
4.220111,4,Javier Llabrés
5.790849,6,Diego Llorente
1.867856,2,Marcos Llorente
3.028207,3,Gautier Lloris
-0.00054622145,0,Giovani Lo Celso
3.2070844,3,Stanislav Lobotka
0.8871778,1,Manuel Locatelli
2.8554451,3,Bradley Locko
-0.00054622145,0,Ruben Loftus-Cheek
6.6287594,7,Elysée Logbo
-0.00054622145,0,Enzo Loiodice
-0.00054622145,0,Sean Longstaff
8.0707445,8,Ademola Lookman
0.8323033,1,Anthony Lopes
12.7542715,13,David López
-0.00054622145,0,David López
3.4988437,3,Diego López
-0.00054622145,0,Fer López
2.5216386,2,Fermin López
3.119879,3,Javi López
1.1564778,1,Pau López
1.2613178,1,Roberto López
3.1397903,3,Unai López
1.4782492,2,Iker Losada
-0.00054622145,0,Iker Losada
-0.00054622145,0,Anthony Losilla
13.978413,14,Jordan Lotomba
-0.00054622145,0,Tom Louchet
-0.00054622145,0,Sandi Lovrić
-0.00054622145,0,Pol Lozano
2.0641992,2,Lorenzo Lucca
-0.00054622145,0,Jhon Lucumí
2.0305412,2,Yannik Lührs
2.0726428,2,José Luis Gayà
3.7552388,4,José Luis Palomino
-0.00054622145,0,Douglas Luiz
3.9148161,4,Romelu Lukaku
-0.00054622145,0,Castello Lukeba
8.982619,9,Dodi Lukebakio
1.0894191,1,Saša Lukić
0.75161177,1,Milos Lukovic
-0.00054622145,0,Joe Lumley
5.3515854,5,Daniel Luna
4.2546234,4,Andriy Lunin
-0.00054622145,0,Massimo Luongo
-0.00054622145,0,Sebastiano Luperto
10.144801,10,Zito Luvumbo
1.1175172,1,Charalambos Lykogiannis
-0.00054622145,0,Senne Lynen
1.0182725,1,Mathias Løvik
0.9892776,1,Othmane Maamma
1.1416444,1,Ian Maatsen
4.7641754,4,Alexis Mac Allister
-0.00054622145,0,Deiver Machado
15.809453,16,Lanroy Machine
3.1921456,3,Shuto Machino
0.9958782,1,Darwin Machís
5.996437,6,Yvann Macon
4.285698,4,James Maddison
15.277289,15,Eros Maddy
13.349013,14,Noni Madueke
17.686718,18,Pablo Maffeo
-0.00054622145,0,Gabriel Magalhães
13.245072,14,Soungoutou Magassa
5.2947173,5,Edmond-Paris Maghoma
-0.00054622145,0,Giangiacomo Magnani
7.6957617,8,Hugo Magnetti
2.1381388,2,Frank Magri
-0.00054622145,0,Harry Maguire
-0.00054622145,0,Jon Magunazelaia
2.1643274,2,Arne Maier
8.0187435,8,Mike Maignan
-0.00054622145,0,Patrick Mainka
2.5591743,2,Kobbie Mainoo
-0.00054622145,0,Ainsley Maitland-Niles
2.236604,2,Radosław Majecki
0.6307205,1,Lovro Majer
5.7485075,6,Hamidou Makalou
3.1069868,3,Jordy Makengo
3.0175922,3,Antoine Makoumbou
-0.00054622145,0,Nikola Maksimović
-0.00054622145,0,Tyrell Malacia
-0.00054622145,0,Jarzinho Malanga
-0.00054622145,0,Julián Malatini
-0.00054622145,0,Daniel Maldini
1.0848705,1,Daniel Maldini
2.9481306,3,Youssef Maleh
2.8463335,3,Donyell Malen
5.8869877,6,Donyell Malen
7.3043675,7,Ruslan Malinovskyi
-0.00054622145,0,Lennard Maloney
-0.00054622145,0,Lennard Maloney
-0.00054622145,0,Aaron Malouda
-0.00054622145,0,Giorgi Mamardashvili
2.1706893,2,Dennis Man
-0.00054622145,0,Hianga Mananga Mbock
14.714144,15,Gianluca Mancini
0.75894696,1,Steve Mandanda
1.9686422,2,Christos Mandas
0.84675133,1,Reinildo Mandava
2.0206583,2,Aïssa Mandi
7.7656326,8,Rolando Mandragora
2.067881,2,Mateus Mane
-0.00054622145,0,Orel Mangala
-0.00054622145,0,Orel Mangala
8.701797,9,Ryan Manning
-0.00054622145,0,Javier Manquillo
1.175235,1,Johan Manzambi
4.7214327,5,Alberto Manzoni
-0.00054622145,0,Sekou Mara
2.8158941,3,Alessandro Marcandalli
0.25894463,1,Alessandro Marcandalli
5.964002,6,Marcão
1.6809396,2,Solly March
3.2280161,3,Filip Marchwiński
1.2780476,1,Óscar de Marcos
3.2565062,3,Alberto Marí
-0.00054622145,0,Pablo Marí
1.0444953,1,Pablo Marí
0.002591452,0,José María Giménez
2.9092712,3,Luca Marianucci
0.43601227,1,Mirko Marić
4.595848,4,Mirko Marić
-0.00054622145,0,Arkaitz Mariezkurrena
3.04235,3,Rafa Marín
2.841997,3,Pablo Marín
2.8943052,3,Răzvan Marin
-0.00054622145,0,Guillermo Maripán
-0.00054622145,0,Mika Mármol
4.01904,4,Omar Marmoush
6.1062403,6,Omar Marmoush
-0.00054622145,0,Mario Maroto
-0.00054622145,0,Marquinhos
5.2221546,5,Unai Marrero
3.8619735,4,Ange Martial Tia
-0.00054622145,0,Aarón Martín
-0.00054622145,0,Carlos Martín
1.2676334,1,Diego Martín
-0.00054622145,0,Gerard Martín
10.398088,10,Iván Martín
-0.00054622145,0,Jon Martin
5.660715,6,Jonas Martin
-0.00054622145,0,Mario Martín
-0.00054622145,0,Gabriel Martinelli
6.8283463,7,Arnau Martinez
-0.00054622145,0,Emiliano Martínez
-0.00054622145,0,Iñigo Martínez
-0.00054622145,0,Javi Martínez
-0.00054622145,0,Josep Martinez
-0.00054622145,0,Lautaro Martínez
3.268397,3,Lisandro Martínez
3.0387895,3,Lucas Martínez Quarta
5.930429,6,Ramón Martínez
-0.00054622145,0,Toni Martínez
0.9453024,1,Kevin Martins
-0.00054622145,0,Javi Martón
-0.00054622145,0,Adam Marušić
9.068776,9,Marvin
7.9960713,8,Omar Mascarell
17.795212,18,Adam Masina
-0.00054622145,0,Patrizio Masini
2.1368124,2,Giorgos Masouras
-0.00054622145,0,Erhan Mašović
0.8178422,1,Han-Noah Massengo
-0.00054622145,0,Clinton Mata
0.8028953,1,Jaime Mata
5.0561953,5,Igor Matanovic
-0.00054622145,0,Pape Matar Sarr
3.9542115,4,Eliot Matazo
1.4596915,1,Jean-Philippe Mateta
1.0938317,1,Nemanja Matić
7.283814,7,Rudy Matondo
8.785184,9,Chrislain Matsima
-0.00054622145,0,Jean Mattéo Bahoya
-0.00054622145,0,Alan Matturro
3.9922717,4,Azor Matusiwa
0.24807483,2,Neal Maupay
1.6832488,2,Maurides
-0.00054622145,0,Stephy Mavididi
6.0898376,6,Konstantinos Mavropanos
-0.00054622145,0,Christian Mawissa
-0.00054622145,0,Keke Maximilian Topp
0.63270926,1,Borja Mayoral
2.14304,2,Senny Mayulu
2.2921484,2,Noussair Mazraoui
9.451709,9,Andrea Mazza
7.8379607,8,Luca Mazzitelli
-0.00054622145,0,Pasquale Mazzocchi
-0.00054622145,0,Samuel Mbangula
-0.00054622145,0,Ethan Mbappé
-0.00054622145,0,Kylian Mbappé
-0.00054622145,0,Ibrahim Mbaye
-0.00054622145,0,Bryan Mbeumo
2.9902537,3,James Mcatee
2.6842525,3,Kasey McAteer
10.530253,11,Oliver McBurnie
2.043204,2,Alex McCarthy
-0.00054622145,0,John McGinn
3.2009928,3,Scott McKenna
-0.00054622145,0,Weston McKennie
16.599134,16,Mark McKenzie
0.68586373,1,Dwight McNeil
11.131791,11,Scott McTominay
-0.00054622145,0,Scott McTominay
-0.00054622145,0,Jakov Medić
-0.00054622145,0,Facundo Medina
25.584438,26,Ben Mee
-0.00054622145,0,Jayden Meghoma
1.1796148,1,Henrik Meister
-0.00054622145,0,Bamo Meïté
-0.00054622145,0,Bamo Meïté
-0.00054622145,0,Mohamed Meité
-0.00054622145,0,Mateo Mejía
7.9287724,8,Farid El Melali
-0.00054622145,0,Filippo Melegoni
4.082107,4,Arthur Melo
32.753895,33,Nuno Mendes
-0.00054622145,0,Brais Méndez
6.241198,6,Antoine Mendy
-0.00054622145,0,Ferland Mendy
-0.00054622145,0,Nampalys Mendy
20.514269,21,Nobel Mendy
1.5440023,1,Gideon Mensah
6.746706,7,Alex Meret
-0.00054622145,0,Mikel Merino
5.9026756,6,Quentin Merlin
2.056483,2,Víctor Meseguer
-0.00054622145,0,Rafik Messali
8.656052,9,Junior Messias
1.2108668,1,Connor Metcalfe
-0.00054622145,0,Karol Mets
-0.00054622145,0,Thomas Meunier
1.431853,1,Alexander Meyer
4.215867,4,Shumaira Mheuka
-0.00054622145,0,Lucas Michal
1.8240656,2,Florian Micheler
6.006226,6,Miguel
-0.00054622145,0,Valentin Mihaila
0.31552532,1,Georges Mikautadze
-0.00054622145,0,Igor Miladinović
-0.00054622145,0,Nikola Milenković
3.8610504,4,Lewis Miley
3.006657,3,Vanja Milinković-Savić
4.0457,4,Éder Militão
-0.00054622145,0,Luis Milla
3.0647814,3,Pere Milla
4.8129263,5,Enzo Millot
1.7938744,2,James Milner
-0.00054622145,0,Kim Min-jae
-0.00054622145,0,Yerry Mina
6.9133673,7,Takumi Minamino
-0.00054622145,0,Lucas Mincarelli
2.827018,3,Tyrone Mings
-0.00054622145,0,Óscar Mingueza
3.1675377,3,Kim Minsu
1.9828993,2,Yankuba Minteh
11.148058,11,Bojan Miovski
-0.00054622145,0,Rafa Mir
0.88966346,1,Juan Miranda
2.7280395,3,Fabio Miretti
-0.00054622145,0,Tyrick Mitchell
-0.00054622145,0,Kaoru Mitoma
-0.00054622145,0,Maximilian Mittelstädt
0.44809657,1,Koji Miyoshi
13.409757,14,Henrikh Mkhitaryan
4.200065,4,Jakub Moder
1.8449136,2,Rui Modesto
4.4110527,4,Luka Modrić
-0.00054622145,0,Max Moerstedt
-0.00054622145,0,Terem Moffi
9.734738,10,Mostafa Mohamed
5.031662,5,Johan Mojica
7.367921,7,David Mokwa
-0.00054622145,0,Alberto Moleiro
9.844397,10,Nahuel Molina
-0.00054622145,0,Florent Mollet
2.9838912,3,Jon Moncayola
0.31273916,1,Jeremy Monga
0.7596996,1,Gonzalo Montiel
4.7429256,5,Lorenzo Montipò
1.8089818,2,Mikey Moore
1.1341476,1,Álvaro Morata
-0.00054622145,0,Morato
7.9203377,8,Diego Moreira
-0.00054622145,0,Alberto Moreno
12.990298,13,Álex Moreno
2.0402918,2,Gerard Moreno
2.075217,2,Matias Moreno
7.608082,8,Xavier Moreno
-0.00054622145,0,Tete Morente
0.46031794,0,Mateu Morey
-0.00054622145,0,Ilaix Moriba
2.9954407,3,Manu Morlanes
1.1029449,1,Nikola Moro
3.0007327,3,Raúl Moro
3.2333596,3,Sam Morsy
-0.00054622145,0,Gabriel Moscardo
1.922413,2,Cristhian Mosquera
1.1694844,1,Daniel Mosquera
3.0486214,3,Yerson Mosquera
1.0496137,1,Dany Mota
4.1061106,4,Yael Mouanga
-0.00054622145,0,Aimen Moueffek
-0.00054622145,0,Youssoufa Moukoko
2.8871124,3,Steve Mounié
1.053639,1,Mason Mount
2.9820538,3,Santiago Mouriño
26.670738,27,Louis Mouton
0.74191105,1,Divin Mubama
-0.00054622145,0,Mykhailo Mudryk
2.0763175,2,Ngal'Ayel Mukau
-0.00054622145,0,Nordi Mukiele
2.2341404,2,Florian Müller
-0.00054622145,0,Kevin Müller
3.2240741,3,Marius Müller
2.7392805,3,Thomas Müller
2.104093,2,Abdul Mumin
4.382105,4,Marshall Munetsi
-0.00054622145,0,Marshall Munetsi
5.9254775,6,Rodrigo Muniz
-0.00054622145,0,Aihen Muñoz
0.9743125,1,Álex Muñoz
15.932212,15,Daniel Muñoz
0.58010495,1,Iker Muñoz
3.936536,4,Javier Muñoz
-0.00054622145,0,Víctor Muñoz
-0.00054622145,0,Arijanet Muric
3.2535472,3,Murillo
8.902311,9,Vedat Muriqi
11.834228,12,Jacob Murphy
0.03862636,0,Bob Murphy Omoregbe
1.0225875,1,Yunus Musah
11.85301,12,Jamal Musiala
-0.00054622145,0,Florent Muslija
0.9538308,1,Almoatasem Al Musrati
5.915126,6,Juan Musso
-0.00054622145,0,Juan Musso
-0.00054622145,0,Kingstone Mutandwa
6.6058936,7,Junior Mwanga
-0.00054622145,0,Junior Mwanga
0.77474666,1,Phillipp Mwene
-0.00054622145,0,Vitaliy Mykolenko
4.8808403,5,Joakim Mæhle
13.487216,14,Obite N'Dicka
1.8485123,2,Konan N'dri
-0.00054622145,0,Loïc N'Gatta
6.8932257,7,Nathan N'Goumou
18.20827,19,Djylian N'Guessan
-0.00054622145,0,Stanley N'Soki
-0.00054622145,0,Mickael Nade
3.0568144,3,Bilal Nadir
-0.00054622145,0,Mahamadou Nagida
3.1274827,3,Keito Nakamura
2.1658204,2,Sebastian Nanasi
46.64415,47,Yael Nandjou
-0.00054622145,0,Nikolas Nartey
8.041882,8,Matija Nastasić
1.0181592,1,Natan
-0.00054622145,0,Pau Navarro
22.304516,22,Roberto Navarro
3.3153877,3,Jesús Navas
-0.00054622145,0,Michel Ndary Adopo
14.379627,15,Youssouf Ndayishimiye
8.051241,8,Iliman Ndiaye
17.478962,18,Junior Ndiaye
3.3553662,3,Rassoul Ndiaye
4.0657763,4,Wilfred Ndidi
-0.00054622145,0,Wilfried Ndollo
-0.00054622145,0,Tanguy Ndombele
-0.00054622145,0,Cher Ndour
1.7949343,2,Dan Ndoye
1.3465176,1,Paul Nebel
0.77124405,1,Kosta Nedeljković
17.078377,18,Kosta Nedeljković
5.0477095,5,Loïc Nego
2.0671155,2,Ivan Nekić
-0.00054622145,0,Reiss Nelson
-0.00054622145,0,Reiss Nelson
-0.00054622145,0,Victor Nelsson
3.859125,4,David Nemeth
1.8074689,2,David Neres
4.266569,4,Neto
-0.00054622145,0,Pedro Neto
0.8888364,1,Luca Netz
10.158944,10,Manuel Neuer
3.1917944,3,Florian Neuhaus
3.0639875,3,João Neves
-0.00054622145,0,Yvan Neyou
-0.00054622145,0,Cyril Ngonge
1.1020122,1,Mikayil Ngor Faye
0.9957441,1,Steve Ngoura
-0.00054622145,0,Bernard Nguene
-0.00054622145,0,Moussa Niakhate
12.021199,12,Abdoulaye Niakhate Ndiaye
7.710516,8,Ibrahima Niane
-0.00054622145,0,Tanguy Nianzou
2.8335176,3,Rasmus Nicolaisen
3.0828435,3,Moritz Nicolas
0.88442403,1,Hans Nicolussi Caviglia
-0.00054622145,0,Julian Niehues
-0.00054622145,0,Oliver Nielsen
1.6096852,2,Saúl Ñíguez
-0.00054622145,0,Eybi Nije
2.0308099,2,Tamás Nikitscher
-0.00054622145,0,Adrian Niño
5.1592574,5,Justin Njinmah
2.9691846,3,Eddie Nketiah
1.0066177,1,Niels Nkounkou
5.660062,6,Christopher Nkunku
-0.00054622145,0,Felix Nmecha
-0.00054622145,0,Lukas Nmecha
8.933622,9,Arnaud Nordin
-0.00054622145,0,Arnaud Nordin
-0.00054622145,0,Brooke Norton-Cuffy
7.875566,8,Tijjani Noslin
3.820239,4,Hugo Novoa
-0.00054622145,0,Plamedi Nsingi
-0.00054622145,0,Randy Nteka
8.7421255,9,Ernest Nuamah
5.100812,5,Alexander Nübel
1.4249377,2,Gustavo Nunes
0.49293736,1,Matheus Nunes
-0.00054622145,0,Darwin Núñez
0.96937144,1,Unai Núñez
1.8549247,2,Antonio Nusa
-0.00054622145,0,Ethan Nwaneri
3.0644715,3,Ørjan Nyland
-0.00054622145,0,Allan Nyom
-0.00054622145,0,Rabby Nzingoula
14.577294,14,M'Bala Nzola
5.062873,5,Marwann Nzuzi
1.634093,2,Christian Nørgaard
2.0466597,2,Jake O'Brien
4.3473945,4,Matt O'Riley
9.540746,10,Dara O'Shea
-0.00054622145,0,Adam Obert
-0.00054622145,0,Chidozie Obi-Martin
-0.00054622145,0,Jan Oblak
2.180802,2,Lucas Ocampos
0.6739194,1,Jens Odgaard
1.016031,1,Wilson Odobert
-0.00054622145,0,David Odogu
-0.00054622145,0,Álvaro Odriozola
15.212486,15,Tim Oermann
1.3988401,2,Chiedozie Ogbene
-0.00054622145,0,Ifechukwu Ogbus
8.822225,9,Thiago Ojeda
0.07136995,0,Hamzat Ojediran
3.882949,4,Noah Okafor
0.9369036,1,Noah Okafor
4.8238015,5,Caleb Okoli
1.0669345,1,Yllan Okou
14.056451,14,Maduka Okoye
-0.00054622145,0,Joseph Okumu
3.9889863,4,Aingeru Olabarrieta
-0.00054622145,0,Kazeem Olaigbe
8.571404,9,Olasagasti
3.8828285,4,Ben Old
0.68326414,1,Finn Ole Becker
3.300781,3,Michael Olise
3.0917375,3,Brian Oliván
3.00179,3,Lucas Oliveira Rosa
3.865177,4,Mathías Olivera
-0.00054622145,0,Dani Olmo
3.811083,4,Robin Olsen
1.1373374,1,Warmed Omari
0.37507048,1,Becir Omeragic
-0.00054622145,0,Jonas Omlin
15.91242,16,Andrew Omobamidele
-0.00054622145,0,Ado Onaiwu
7.176427,7,Amadou Onana
2.0107298,2,André Onana
-0.00054622145,0,Jean Onana
8.501268,9,Jacob Ondrejka
-0.00054622145,0,Karim Onisiwo
-0.00054622145,0,Paul Onuachu
1.9730377,2,Frank Onyeka
-0.00054622145,0,Frank Onyeka
2.4040415,2,Loïs Openda
0.90295994,1,Christopher Operi
-0.00054622145,0,Fredrik Oppegard
1.372628,1,Victor Orakpo
-0.00054622145,0,Ike Orazi
-0.00054622145,0,Gift Orban
-0.00054622145,0,Gift Orban
9.918872,10,Willi Orban
1.1264875,1,Ivan Ordets
-0.00054622145,0,Lewis Orford
-0.00054622145,0,Gaetano Oristanio
0.30933133,1,Aimar Oroz
4.3683753,4,Riccardo Orsolini
7.5058174,8,Stefan Ortega
-0.00054622145,0,Ángel Ortíz
3.726225,4,Gabriel Osei Misehouy
0.13505007,1,Gabriel Osho
-0.00054622145,0,Yordan Osorio
-0.00054622145,0,Patrick Osterhage
0.9135524,1,William Osula
15.48842,16,Jibril Othman
2.581863,3,Sebastian Otoa
-0.00054622145,0,David Otorbi
4.3367844,4,Dango Ouattara
2.0178819,2,Guimissongui Ouattara
1.0627916,1,Kassoum Ouattara
-0.00054622145,0,Remi Oudin
-0.00054622145,0,Assan Ouedraogo
5.088273,5,Zinédine Ould Khaled
8.789972,9,Cheick Oumar Conde
-0.00054622145,0,Jesús Owono
-0.00054622145,0,Beres Owusu
-0.00054622145,0,Elisha Owusu
-0.00054622145,0,Mikel Oyarzabal
23.424213,24,Daniel Oyegoke
0.68354833,1,Salih Özcan
1.3588097,2,Salih Özcan
30.645443,31,Cenk Özkacar
0.60287046,1,Nico O’Reilly
0.22694232,1,Jon Pacheco
-0.00054622145,0,Willian Pacho
5.2652063,5,Daniele Padelli
4.282984,4,Alex Padilla
0.87901384,1,Simone Pafundi
-0.00054622145,0,Exequiel Palacios
3.1919816,3,Tomás Palacios
5.898785,6,Tomás Palacios
-0.00054622145,0,Isaac Palazón Camacho
1.301239,1,Alberto Paleari
2.0282447,2,Marco Palestra
5.2263985,5,João Palhinha
3.063776,3,Nicolas Pallois
-0.00054622145,0,Matteo Palma
27.121239,27,Alex Palmer
-0.00054622145,0,Cole Palmer
-0.00054622145,0,Emerson Palmieri
-0.00054622145,0,Mats Pannewig
4.9815035,5,Lucas Paquetá
7.8738127,8,Aitor Paredes
2.621534,2,Kevin Paredes
-0.00054622145,0,Leandro Paredes
2.2853196,2,Daniel Parejo
2.4030583,2,Iago Parente
-0.00054622145,0,Fabiano Parisi
2.9690793,3,Thomas Partey
4.145564,4,Mario Pašalić
4.8924055,5,Álvaro Pascual
4.3706493,4,Felix Passlack
-0.00054622145,0,Patric
4.324188,4,Rui Patrício
5.042946,5,Nathan Patterson
8.655528,9,Benjamin Pavard
-0.00054622145,0,Aleksandar Pavlovic
-0.00054622145,0,Strahinja Pavlović
5.01221,5,Leonardo Pavoletti
1.0865942,1,Martín Payero
2.169319,2,Nicolas Pays
10.837527,11,Nicolás Paz
4.3454614,4,Mads Pedersen
-0.00054622145,0,Marcus Pedersen
0.95133007,1,Alfonso Pedraza
1.4116175,2,Pedri
1.0058413,1,Pedro
6.8520317,7,Kévin Pedro
-0.00054622145,0,Adrià Pedrosa
20.805174,21,Jordan Pefok
0.6777123,1,Jordan Pefok
0.9837306,1,Pejiño
1.0313084,1,Pietro Pellegri
3.2693946,3,Lorenzo Pellegrini
-0.00054622145,0,Luca Pellegrini
-0.00054622145,0,Mateo Pellegrino
-0.00054622145,0,Théo Pellenard
3.0891705,3,Andy Pelmard
-0.00054622145,0,Andy Pelmard
-0.00054622145,0,Timothee Pembele
1.0695345,1,Faris Pemi Moumbagna
13.635661,14,Iñaki Peña
4.850502,5,Rubén Peña
4.9951086,5,Nicolas Pépé
-0.00054622145,0,Peque
9.133746,9,Sergiu Perciun
-0.00054622145,0,Óscar Perea
2.2699332,2,Andreas Pereira
-0.00054622145,0,Mathias Pereira Lage
9.145825,9,Pedro Pereira
10.546285,11,Ricardo Pereira
2.1181138,2,Gastón Pereiro
3.361295,3,Daniel Peretz
-0.00054622145,0,Ayoze Pérez
9.945729,10,Carles Pérez
3.752422,4,Francisco Perez
7.93761,8,Kike Pérez
-0.00054622145,0,Kike Pérez
-0.00054622145,0,Luis Pérez
-0.00054622145,0,Nehuén Pérez
0.85448253,1,Simone Perilli
-0.00054622145,0,Mattia Perin
2.241366,2,Romain Perraud
2.9957972,3,Lucas Perri
2.0929759,2,Gaëtan Perrin
-0.00054622145,0,Máximo Perrone
-0.00054622145,0,Noah Pesch
9.118552,9,Matteo Pessina
8.943263,9,Andrea Petagna
1.137461,1,Prosper Peter
6.386774,6,Léo Pétrot
-0.00054622145,0,Đorđe Petrović
0.45059335,1,Giuseppe Pezzella
0.89886236,1,Valentín Pezzolesi
2.098982,2,Luca Philipp
8.72695,9,Maximilian Philipp
4.6150103,5,Kalvin Phillips
-0.00054622145,0,Jaden Philogene Bidace
-0.00054622145,0,Jaden Philogene Bidace
4.493413,4,Pica
-0.00054622145,0,Roberto Piccoli
0.972972,1,Benedikt Pichler
6.5570264,6,Jordan Pickford
0.49110168,1,Amos Pieper
4.1707783,4,Marvin Pieringer
-0.00054622145,0,Nicholas Pierini
0.7294427,1,Santiago Pierotti
3.114975,3,Balthazar Pierret
-0.00054622145,0,Andrea Pinamonti
3.798249,4,Ethan Pinnock
2.8734725,3,Yeremi Pino
0.8469399,1,Nicola Pintus
2.1535823,2,Niccolò Pisilli
2.884583,3,Damián Pizarro
-0.00054622145,0,Semuel Pizzignacco
-0.00054622145,0,Alassane Pléa
5.744994,6,Tommaso Pobega
-0.00054622145,0,Daniel Podence
4.113036,4,Joel Pohjanpalo
1.1070714,1,Matteo Politano
-0.00054622145,0,Alfie Pond
-0.00054622145,0,Marin Pongračić
-0.00054622145,0,Nick Pope
2.998605,3,Finn Porath
-0.00054622145,0,Pedro Porro
15.923007,16,Portu
-0.00054622145,0,Stefan Posch
1.0396314,1,Stefan Posch
1.7694772,2,Tom Pouilly
0.8891521,1,Yussuf Poulsen
6.720722,7,Beñat Prados
1.1660714,1,Alexander Prass
1.0552974,1,Matteo Prati
5.0515375,5,Abdón Prats
12.026407,12,David Preu
2.9854622,3,Grischa Prömel
1.6421041,2,Ivan Provedel
8.378859,9,Ivan Prtajin
7.679548,8,Javi Puado
28.029572,27,Tymoteusz Puchacz
-0.00054622145,0,Diego Pugno
-0.00054622145,0,Christian Pulisic
4.519465,4,Jarell Quansah
7.6641192,8,Leopold Querfeld
0.93135893,1,Dani Raba
1.2418356,1,Adrien Rabiot
10.662658,11,Ionuț Radu
18.693552,19,Hamza Rafia
-0.00054622145,0,Hákon Rafn Valdimarsson
1.0535378,1,Arnau Rafús
-0.00054622145,0,Antonio Raillo
3.9882624,4,Antonio Raimondo
-0.00054622145,0,Ylber Ramadani
0.33640122,1,Benito Ramírez
-0.00054622145,0,Sandro Ramírez
14.806476,15,Jacobo Ramón
8.97607,9,Gonçalo Ramos
-0.00054622145,0,Aaron Ramsdale
1.7624635,2,Jacob Ramsey
-0.00054622145,0,Luca Ranieri
2.0385406,2,Grant Ranos
-0.00054622145,0,Lilian Raolisoa
1.8238802,2,Raphinha
-0.00054622145,0,Marcus Rashford
2.851165,3,Marcus Rashford
-0.00054622145,0,Giacomo Raspadori
0.5586563,1,Andrei Ratiu
0.64334047,1,Raúl
-0.00054622145,0,David Raum
0.38193992,1,Federico Ravaglia
2.827443,3,Rayan Raveloson
18.535269,19,David Raya
1.8003252,2,Abderrahman Rebbach
5.1665306,5,Ante Rebić
-0.00054622145,0,Harrison Reed
-0.00054622145,0,Remy Rees-Dottin
2.850128,3,Sergio Reguilón
1.8474877,2,Tijjani Reijnders
7.685227,8,Pepe Reina
16.139673,17,Vitor Reis
3.8607657,4,Rocco Reitz
-0.00054622145,0,Nicolai Remberg
29.540615,29,Álex Remiro
3.9612036,4,Devyne Rensch
-0.00054622145,0,Daniel Requena
-0.00054622145,0,Guillaume Restes
5.9819994,6,Mateo Retegui
-0.00054622145,0,Elvis Rexhbeçaj
1.0968547,1,Gio Reyna
1.3411645,1,Chadi Riad
11.269244,11,Alexsandro Ribeiro
9.245645,10,Samuele Ricci
10.529735,11,Declan Rice
-0.00054622145,0,Chris Richards
3.0181215,3,Amir Richardson
0.6857116,1,Richarlison
-0.00054622145,0,Diego Rico
-0.00054622145,0,Fabian Rieder
-0.00054622145,0,Lasse Rieß
3.3510888,3,Luis Rioja
-0.00054622145,0,Luis Rioja
-0.00054622145,0,Rodrigo Riquelme
-0.00054622145,0,Alberto Risco
2.062648,2,Mihailo Ristić
7.849309,8,Lars Ritzka
2.0339777,2,Gorka Rivera Alonso
8.88899,9,Sergi Roberto
0.9524125,1,Andrew Robertson
10.247118,11,Antonee Robinson
-0.00054622145,0,Jay Robinson
-0.00054622145,0,Marc Roca
7.2669787,7,Rodri
9.839241,10,Rodri
2.496477,2,Adrian Rodriguez
4.878688,5,Alejandro Rodriguez
3.8066616,4,Álvaro Rodríguez
-0.00054622145,0,Óscar Rodríguez Arnaiz
8.967824,9,Arturo Rodríguez
23.499096,24,Damián Rodríguez
1.0279915,1,Dani Rodríguez
2.044105,2,Daniel Rodriguez
-0.00054622145,0,Guido Rodríguez
3.9165123,4,James Rodríguez
1.0682801,1,Javi Rodríguez
2.8968694,3,Jesus Rodríguez
-0.00054622145,0,Kirian Rodríguez
2.921531,3,Ricardo Rodríguez
9.492217,10,Rodrygo
-0.00054622145,0,Mads Roerslev
-0.00054622145,0,Mads Roerslev
1.0077221,1,Morgan Rogers
-0.00054622145,0,Merlin Röhl
-0.00054622145,0,Alessio Romagnoli
2.0363302,2,Leo Román
5.201524,5,Carlos Romero
-0.00054622145,0,Cristian Romero
4.017909,4,Isaac Romero
1.4029968,1,Luka Romero
5.9662476,6,Oriol Romeu
-0.00054622145,0,Valentin Rongier
3.3083923,3,Marten de Roon
3.0642955,3,Vitor Roque
-0.00054622145,0,Pablo Rosario
3.1045759,3,Lasse Rosenboom
-0.00054622145,0,Max Rosenfelder
5.1429777,5,Valentin Rosier
-0.00054622145,0,Tom Rothe
0.11549529,1,Anthony Rouault
-0.00054622145,0,Anthony Rouault
1.8994895,2,Jonas Rouhi
-0.00054622145,0,Jérôme Roussillon
1.8912772,2,Nicolò Rovella
-0.00038441282,0,Jon Rowe
0.5170908,1,Amir Rrahmani
-0.00054622145,0,Tommaso Rubino
1.5811987,2,Antonio Rüdiger
3.8711066,4,Matteo Ruggeri
2.0691397,2,Aitor Ruibal
1.9616687,2,Abel Ruiz
-0.00054622145,0,Ferrán Ruiz
4.9793205,5,Fabián Ruiz Peña
-0.00054622145,0,Gerónimo Rulli
-0.00054622145,0,Georginio Rutter
8.628043,9,Mathew Ryan
2.02401,2,Julian Ryerson
-0.00054622145,0,Frederik Rønnow
1.2569587,1,José Sá
6.7771463,7,Elias Saad
5.7314615,6,Youssouf Sabaly
3.1238635,3,Emmanuel Sabbi
1.5727556,2,Stefano Sabelli
-0.00054622145,0,Marcel Sabitzer
-0.00054622145,0,Falaye Sacko
5.1451735,5,Umar Sadiq
11.496431,12,Umar Sadiq
6.3321924,6,Alexis Saelemaekers
6.197525,6,Alexis Saelemaekers
-0.00054622145,0,Jorge Sáenz
12.037956,12,Matvei Safonov
7.3517857,7,Modibo Sagnan
0.62963045,1,Richie Sagrado
5.965208,6,Osame Sahraoui
1.0889318,1,Wesley Saïd
3.9300601,4,Théo Sainte-Luce
-0.00054622145,0,Bukayo Saka
1.5008105,2,Faik Sakar
6.789338,7,Marco Sala
2.0014012,2,Marco Sala
-0.00054622145,0,Ibrahim Salah
-0.00054622145,0,Mohamed Salah
15.115689,16,Anass Salah-Eddine
1.9136456,2,Amine Salama
-0.00054622145,0,Jan Salas
2.9994562,3,Kike Salas
10.0531435,10,Manolis Saliakas
-0.00054622145,0,William Saliba
-0.00054622145,0,Mohammed Salisu
8.154485,8,Roland Sallai
3.883438,4,Yoann Salmier
2.049229,2,Lazar Samardzic
2.0711386,2,Diadie Samassékou
4.018711,4,Mama Samba Baldé
-0.00054622145,0,Mama Samba Baldé
0.544829,1,Brice Samba
4.065675,4,Brice Samba
-0.00054622145,0,Albert Sambi Lokonga
12.373943,12,Junior Sambia
1.5473286,2,Chuky san jose
1.0426152,1,Antonio Sanabria
0.98217165,1,Oihan Sancet
8.117942,8,Alexis Sánchez
7.807061,8,Antonio Sánchez
-0.00054622145,0,Iván Sánchez
-0.00054622145,0,Javi Sánchez
-0.00054622145,0,Juanlu Sánchez
0.9753053,1,Manu Sánchez
4.9112377,5,Robert Sánchez
-0.00054622145,0,Jadon Sancho
5.042227,5,Philipp Sander
3.937646,4,James Sands
7.7752566,7,Leroy Sané
-0.00054622145,0,Arouna Sangante
-0.00054622145,0,Ibrahim Sangaré
-0.00054622145,0,Nhoa Sangui
-0.00054622145,0,Maroan Sannadi
25.73,25,Kaishu Sano
4.247072,4,Morgan Sanson
5.854424,6,Nicola Sansone
2.9832518,3,Baptiste Santamaria
1.2762567,1,Baptiste Santamaria
-0.00054622145,0,Jesús Santiago
12.631917,13,Andrey Santos
-0.00054622145,0,Kauã Santos
0.9809029,1,Tiago Santos
0.9914564,1,Pablo Sarabia
-0.00054622145,0,Jeremy Sarmiento
-0.00054622145,0,Amin Sarr
3.9469311,4,Ismaila Sarr
-0.00054622145,0,Malang Sarr
4.34737,4,Mamadou Sarr
-0.00054622145,0,Martin Satriano
-0.00054622145,0,Razvan Sava
-0.00054622145,0,Téji Savanier
-0.00054622145,0,Sávio
4.927931,5,Nicolò Savona
2.307619,2,Saba Sazonov
-0.00054622145,0,Joe Scally
9.951676,10,Giorgio Scalvini
-0.00054622145,0,Gianluca Scamacca
-0.00054622145,0,Oliver Scarles
15.969215,16,Dane Scarlett
4.093075,4,Kevin Schade
1.090337,1,András Schäfer
-0.00054622145,0,Fabian Schär
1.154811,1,Patrik Schick
2.0743759,2,Stefan Schimmer
0.272242,1,Joël Schingtienne
-0.00054622145,0,Xaver Schlager
-0.00054622145,0,Keven Schlotterbeck
0.9689344,1,Nico Schlotterbeck
0.66066444,1,Jeffrey Schlupp
-0.00054622145,0,Romano Schmid
0.9585216,1,Niklas Schmidt
-0.00054622145,0,Jan Schöppner
-0.00054622145,0,Marvin Schulz
-0.00054622145,0,Alexander Schwolow
-0.00054622145,0,Léo Scienza
2.9775648,3,Alex Scott
1.616888,2,Simone Scuffet
1.0569161,1,Simone Scuffet
-0.00054622145,0,Jérémy Sebas
6.3966646,7,Aleksandar Sedlar
4.780674,5,Jacopo Seghetti
-0.00054622145,0,Alidu Seidu
1.0654305,1,Nicolas Seiwald
-0.00054622145,0,Hiroki Sekine
8.738761,9,Matz Sels
1.0526056,1,Nélson Semedo
-0.00054622145,0,Antoine Semenyo
3.2959945,3,Marvin Senaya
3.110716,3,Marcos Senesi
1.9584258,2,Stefano Sensi
-0.00054622145,0,Suat Serdar
-0.00054622145,0,Sergi
-0.00054622145,0,Nicolás Serrano
8.994842,9,Benjamin Šeško
-0.00054622145,0,Ryan Sessegnon
-0.00054622145,0,Stephan El Shaarawy
-0.00054622145,0,Luke Shaw
-0.00054622145,0,Alen Sherri
-0.00054622145,0,Eldor Shomurodov
1.07927,1,Djibril Sidibé
2.7005236,3,Armindo Sieb
5.3477063,5,Benjamin Siegrist
-0.00054622145,0,Vincent Sierro
2.8912427,3,Tim Siersleben
9.658715,9,Zain Silcott-Duberry
7.1433,7,Kiliann Sildillia
-0.00054622145,0,André Silva
3.281044,3,André Silva
3.2481291,3,Bernardo Silva
-0.00054622145,0,Caio Henrique Oliveira Silva
1.0335658,1,Fábio Silva
3.7617178,4,Jota Silva
0.8860656,1,Eric da Silva Moreira
1.0690184,1,Rui Silva
0.46752948,1,Marco Silvestri
4.8315983,5,Abdallah Sima
6.0225735,6,Mohamed Simakan
3.0202787,3,Giovanni Simeone
7.2620144,7,Giuliano Simeone
-0.00054622145,0,Moses Simon
4.8918657,5,Unai Simón
-0.00054622145,0,Xavi Simons
-0.00054622145,0,Jahmai Simpson-Pusey
-0.00054622145,0,Danel Sinani
15.017131,15,Lassine Sinayoko
-0.00054622145,0,Wilfried Singo
4.8619003,5,Luis Sinisterra
4.0840244,4,Daley Sinkgraven
-0.00054622145,0,Tobias Sippel
-0.00054622145,0,Jailson Siqueira
-0.00054622145,0,Ayanda Sishuba
-0.00054622145,0,Ibrahim Sissoko
0.7842065,1,Ibrahima Sissoko
-0.00054622145,0,Niama Sissoko
2.041671,2,Antonio Sivera
4.9545135,5,Tim Skarke
6.120129,6,Ellyes Skhiri
-0.00054622145,0,Oliver Skipp
-0.00054622145,0,Leo Skiri Østigård
-0.00054622145,0,Leo Skiri Østigård
1.0094253,1,Łukasz Skorupski
-0.00054622145,0,Andreas Skov Olsen
-0.00054622145,0,Robert Skov
-0.00054622145,0,Milan Škriniar
7.0765834,7,Steven Skrzybski
1.1229788,1,Naatan Skyttä
3.8882003,4,William Smallbone
13.408047,14,Adam Smith
1.1981492,1,Eric Smith
-0.00054622145,0,Justin Smith
0.97510666,1,Emile Smith Rowe
23.220108,23,Ivan Smolčić
1.3869886,2,Eduard Sobol
-0.00054622145,0,Simon Sohm
2.1519735,2,Alex Sola
1.4136435,2,Arnau Solà
-0.00054622145,0,Dominic Solanke
2.9213216,3,Ola Solbakken
-0.00054622145,0,Carlos Soler
0.9497231,1,Julio Soler
0.75782067,1,Oumar Solet
-0.00054622145,0,Jhon Solis
6.6725163,7,Daniele Sommariva
2.9857366,3,Yann Sommer
-0.00054622145,0,David Soria
-0.00054622145,0,Juan Soriano
7.0801954,7,Borna Sosa
2.0082273,2,Ramón Sosa
-0.00054622145,0,Hugo Sotelo
-0.00054622145,0,Florian Sotoca
1.2129266,1,Riccardo Sottil
-0.00054622145,0,Riccardo Sottil
5.6994557,6,Tomáš Souček
6.789849,7,Matìas Soulé
1.9674283,2,Boubakary Soumaré
-0.00054622145,0,Issa Soumaré
4.0656066,4,Djibril Sow
-0.00054622145,0,Saidou Sow
1.1289251,1,Saidou Sow
1.2270141,1,Djed Spence
-0.00054622145,0,Leonardo Spinazzola
9.77942,10,Marco Sportiello
1.0698026,1,Anton Stach
2.2348378,2,Jens Stage
-0.00054622145,0,Josip Stanišić
3.985636,4,Filip Stankovic
1.9937499,2,Jay Stansfield
0.31905296,1,Carl Starfelt
9.079698,9,Niklas Stark
4.2713213,4,Lucas Stassin
2.9667757,3,Jason Steele
3.0340579,3,Orri Steinn Óskarsson
2.2559044,2,Pascal Stenzel
-0.00054622145,0,Jack Stephens
0.9822829,1,Leonidas Stergiou
-0.00054622145,0,Raheem Sterling
5.4940343,5,Enzo Sternal
2.3797529,2,Finley Stevens
-0.00054622145,0,Ross Stewart
-0.00054622145,0,Angelo Stiller
7.5158286,7,Kevin Stöger
-0.00054622145,0,Stoichkov
3.7998273,4,Petar Stojanović
4.8945293,5,Jakub Stolarczyk
1.0666754,1,John Stones
-0.00054622145,0,Jørgen Strand Larsen
3.7854602,4,Gabriel Strefezza
3.9230278,4,Cristhian Stuani
-0.00054622145,0,Álex Suárez
-0.00054622145,0,Denis Suárez
-0.00054622145,0,Gabriel Suazo
1.793596,2,Luka Sučić
0.85375714,1,Yukinari Sugawara
-0.00054622145,0,Niklas Süle
2.1630769,2,Ibrahim Sulemana
2.9699676,3,Kamaldeen Sulemana
3.9359562,4,Crysencio Summerville
2.7672489,3,Tomáš Suslov
5.7167473,6,Suso
0.48814067,1,Zion Suzuki
2.0591056,2,Mattias Svanberg
13.571995,13,Daniel Svensson
-0.00054622145,0,Marin Šverko
2.0745468,2,Mile Svilar
4.19934,4,Michael Svoboda
-0.00054622145,0,Williot Swedberg
-0.00054622145,0,Abakar Sylla
-0.00054622145,0,Issiaga Sylla
9.411363,9,Mamadou Sylla
-0.00054622145,0,Wojciech Szczęsny
0.33050817,1,Sammie Szmodics
9.256833,9,Dominik Szoboszlai
-0.00054622145,0,Alexander Sørloth
-0.00054622145,0,Musa Al-Taamari
-0.00054622145,0,Musa Al-Taamari
-0.00054622145,0,Haris Tabakovic
-0.00054622145,0,Nicolás Tagliafico
6.8671274,7,Jonathan Tah
6.5633674,6,Adrien Tameze
18.799496,19,Axel Tapé
18.875834,19,Renato Tapia
4.19451,4,Edmond Tapsoba
3.075002,3,Florian Tardieu
3.9891603,4,Mehdi Taremi
-0.00054622145,0,Matt Targett
1.5614502,2,Oussama Targhalline
10.943486,11,James Tarkowski
-0.00054622145,0,César Tárrega
4.305932,4,Nuno Tavares
-0.00054622145,0,Marcus Tavernier
-0.00054622145,0,Charlie Taylor
-0.00054622145,0,Jack Taylor
2.272936,2,Loum Tchaouna
3.9607754,4,Jackson Tchatchoua
1.9370587,2,Enzo Tchato
2.0303729,2,Aurélien Tchouaméni
-0.00054622145,0,Álvaro Tejero
-0.00054622145,0,Martín Tejón
3.032643,3,Mathys Tel
-0.00054622145,0,Mathys Tel
-0.00054622145,0,Nathan Tella
0.914266,1,Nahuel Tenaglia
-0.00054622145,0,Arnau Tenas
2.99906,3,Casper Tengstedt
6.0837564,6,Marc-André ter Stegen
4.7815676,5,Filippo Terracciano
-0.00054622145,0,Pietro Terracciano
3.1927383,3,Ramón Terrats
-0.00054622145,0,Ramón Terrats
-0.00054622145,0,Martin Terrier
3.3139856,3,Tanner Tessmann
-0.00054622145,0,Kenny Tete
5.4216785,5,Teddy Teuma
-0.00054622145,0,Jordan Teze
1.2323434,1,Florian Thauvin
2.0131228,2,Arthur Theate
1.1221325,1,Norman Theuerkauf
-0.00054622145,0,Thiago
0.21182522,1,Malick Thiaw
8.745763,9,Denis Thomalla
-0.00054622145,0,Luke Thomas
-0.00054622145,0,Sorba Thomas
1.1434731,1,Adrien Thomasson
-0.00054622145,0,Morten Thorsby
-0.00054622145,0,Khéphren Thuram
0.4638875,1,Marcus Thuram
0.48048666,1,Cheikh Tidiane Niasse
-0.00054622145,0,Youri Tielemans
-0.00054622145,0,Kieran Tierney
15.557578,16,Phillip Tietz
-0.00054622145,0,Jurriën Timber
9.276761,10,Jean-Clair Todibo
-0.00054622145,0,Harry Toffolo
-0.00054622145,0,Umut Tohumcu
-0.00054622145,0,Corentin Tolisso
-0.00054622145,0,John Tolkin
3.0171545,3,Rafael Tolói
6.766408,7,Raúl de Tomás
-0.00054622145,0,Tiago Tomás
2.2215908,2,Takehiro Tomiyasu
9.886149,10,Fikayo Tomori
4.8542633,5,Sandro Tonali
8.6929865,9,Luka Topalović
0.94852245,1,Pablo Torre
-0.00054622145,0,David Torres
1.8216865,2,Ferrán Torres
2.2216804,2,Pau Torres
-0.00054622145,0,Lucas Torró
-0.00054622145,0,Lorenzo Tosto
-0.00054622145,0,Abdoulaye Touré
3.9582102,4,Bazoumana Touré
3.4373558,3,Birama Touré
1.924967,2,Ousmane Toure
2.2002313,2,Souleymane Touré
2.0916793,2,Lucas Tousart
0.015199431,0,Conor Townsend
-0.00054622145,0,Adama Traoré
0.7359427,1,Boubacar Traoré
10.736417,11,Hamari Traoré
0.6624809,1,Omar Traoré
-0.00054622145,0,Kevin Trapp
1.8960501,2,Mark Travers
-0.00054622145,0,Óscar Trejo
22.86604,23,Philipp Treu
-0.00054622145,0,Ryan Trevitt
-0.00054622145,0,Christopher Trimmel
0.9750117,1,Kieran Trippier
-0.00054622145,0,Leandro Trossard
1.2763798,1,Adrien Truffert
-0.00054622145,0,Kostas Tsimikas
-0.00054622145,0,Viktor Tsyhankov
10.471896,10,Axel Tuanzebe
-0.00054622145,0,Stefano Turati
0.9694723,1,Beñat Turrientes
6.9129496,7,Tuta
2.9976528,3,Christantus Uche
0.368788,1,Destiny Udogie
3.3958795,3,Manuel Ugarte Ribeiro
2.1671932,2,Lesley Ugochukwu
-0.00054622145,0,Lukas Ullrich
-0.00054622145,0,Sven Ulreich
2.0805008,2,Enes Ünal
1.9882089,2,Deniz Undav
2.0293028,2,Naci Ünüvar
1.3332074,1,Dayot Upamecano
1.7390645,2,Kacper Urbanski
-0.00054622145,0,Kacper Urbanski
2.1794982,2,Jonas Urbig
-0.00054622145,0,Can Uzun
9.368974,9,Josha Vagnoman
1.9722964,2,Lautaro Valenti
2.186789,2,Óscar Valentín
-0.00054622145,0,Nicolás Valentini
-0.00054622145,0,Germán Valera
4.0617228,4,Emanuele Valeri
16.376442,17,Martin Valjent
12.8446455,13,Álex Valle
-0.00054622145,0,Jesús Vallejo
9.154576,9,Mattia Valoti
0.7668458,1,Federico Valverde
2.8640122,3,Ignace Van Der Brempt
-0.00054622145,0,Siebe Van Der Heyden
-0.00054622145,0,Siebe Van Der Heyden
-0.00054622145,0,Virgil van Dijk
1.1037259,1,Vanderson
-0.00054622145,0,Maarten Vandevoordt
9.304821,9,Jamie Vardy
5.005828,5,Ruben Vargas
-0.00054622145,0,Ruben Vargas
1.0989437,1,Nikola Vasilj
2.0566716,2,Devis Vásquez
4.7803907,5,Johan Vásquez
1.1455975,1,Denis Vavro
5.1218,5,José Luis García Vayá
0.976154,1,Robinio Vaz
2.053127,2,Jesus Vazquez
5.8989635,5,Lucas Vázquez
9.600436,10,Matías Vecino
-0.00054622145,0,Danilo Veiga
4.8634253,5,Renato Veiga
1.1102078,1,Renato Veiga
-0.00054622145,0,Alejo Véliz
3.8700573,4,Miloš Veljković
-0.00054622145,0,Joël Veltman
-0.00054622145,0,Micky van de Ven
3.7470963,4,Lorenzo Venturino
-0.00054622145,0,Nikolas Veratschnig
6.8230076,7,Bart Verbruggen
-0.00054622145,0,Simone Verdi
-0.00054622145,0,Jordan Veretout
